object_id,timestep,labelimage_oid,User Label,Predicted Class,Probability of random class 1,Probability of random class 2,Radii of the object_0,Radii of the object_1,Radii of the object_2,Principal components of the object_0,Principal components of the object_1,Principal components of the object_2,Principal components of the object_3,Principal components of the object_4,Principal components of the object_5,Principal components of the object_6,Principal components of the object_7,Principal components of the object_8,Size in pixels,Bounding Box Minimum_0,Bounding Box Minimum_1,Bounding Box Minimum_2,Bounding Box Maximum_0,Bounding Box Maximum_1,Bounding Box Maximum_2,Center of the object_0,Center of the object_1,Center of the object_2
0,0,1,0,random class 1,0.56,0.44,1.8145516,1.205631,0.94429183,0.95596385,0.20495482,0.21006346,0.14600863,-0.9530228,0.26538473,0.25458714,-0.22302714,-0.9409805,73.0,26.0,0.0,0.0,33.0,6.0,4.0,29.013699,3.5479453,1.2191781
1,0,2,0,random class 1,0.58,0.42,2.638983,1.8980159,1.257668,0.21230312,0.57967186,-0.78670704,-0.10370342,0.8138779,0.57170653,0.97168565,-0.039790872,0.23290277,272.0,49.0,0.0,0.0,56.0,7.0,11.0,52.606617,2.2904413,4.1433825
2,0,3,0,random class 1,0.73,0.27,1.8045967,1.2420291,0.7228914,0.27186614,0.9575337,0.096010044,-0.1329857,0.1361925,-0.98171604,0.9531021,-0.25412738,-0.16436441,64.0,59.0,0.0,0.0,65.0,4.0,7.0,62.109375,0.6875,2.078125
3,0,4,0,random class 1,0.84,0.16,1.5171547,1.139107,0.7344116,0.73524755,0.666003,-0.125901,-0.19171967,0.026185926,-0.9811003,0.6501189,-0.7454893,-0.14693901,52.0,90.0,0.0,0.0,96.0,3.0,6.0,92.30769,0.8269231,1.4230769
4,0,5,0,random class 1,0.5,0.5,3.4048398,1.2612603,0.84201926,-0.14492324,-0.9622576,0.2303421,-0.1270774,0.24897335,0.9601373,0.9812485,-0.109874934,0.15836322,149.0,132.0,0.0,0.0,139.0,5.0,13.0,135.19463,0.98657715,5.09396
5,0,6,0,random class 1,0.58,0.42,1.799071,1.431196,0.6304528,-0.037322998,0.19161807,-0.9807597,-0.97150105,0.22293735,0.08052753,0.23407848,0.95581454,0.17783646,70.0,147.0,0.0,0.0,150.0,7.0,6.0,148.37143,2.5714285,1.7142857
6,0,7,0,random class 2,0.49,0.51,4.5608454,1.0740206,0.84007007,-0.13999417,-0.5934556,-0.7925983,-0.25983348,-0.75040925,0.60776025,0.95545185,-0.29102647,0.049146727,167.0,121.0,0.0,0.0,126.0,7.0,16.0,122.82635,2.3233533,6.311377
7,0,8,0,random class 1,0.57,0.43,2.6650367,1.6958567,0.65927815,-0.120460995,0.93907255,0.321919,0.21306106,-0.2922669,0.9323009,0.9695845,0.1808943,-0.16487303,82.0,109.0,3.0,0.0,116.0,8.0,10.0,111.67073,4.9268293,3.5609756
8,0,9,0,random class 2,0.48,0.52,4.9217067,1.3192643,1.2178415,-0.022328222,-0.2891599,-0.9570204,-0.24970944,-0.9253054,0.2854033,0.96806335,-0.24534957,0.051545534,297.0,67.0,0.0,0.0,73.0,8.0,20.0,69.3165,3.7542088,8.420876
9,0,10,0,random class 1,0.6,0.4,2.2625856,1.5129838,1.1669098,0.17129156,0.9823963,0.074543335,0.984457,-0.17364606,0.026294198,0.038775478,0.06888074,-0.99687105,180.0,40.0,5.0,0.0,46.0,14.0,5.0,42.572224,8.955556,1.4777777
10,0,11,0,random class 1,0.7,0.3,1.4154048,1.1214639,0.82133967,0.667374,0.08201681,-0.74019265,-0.44215038,-0.7561465,-0.4824371,0.599262,-0.64924246,0.46836874,52.0,83.0,7.0,0.0,88.0,12.0,5.0,85.63461,9.038462,1.2115384
11,0,12,0,random class 1,0.5,0.5,1.6445308,1.2560166,0.557464,0.12589927,0.24941681,0.9601774,0.22107764,-0.95059305,0.21793929,0.9670957,0.18483536,-0.17481945,52.0,101.0,7.0,0.0,104.0,13.0,6.0,101.73077,9.346154,2.4423077
12,0,13,0,random class 1,0.5,0.5,4.9660645,1.3413873,1.1735715,-0.1339958,0.9896874,-0.050635986,-0.25082988,0.015561207,0.9679061,0.9587124,0.14239636,0.24615803,316.0,127.0,5.0,0.0,134.0,12.0,17.0,130.0981,7.924051,7.787975
13,0,14,0,random class 2,0.49,0.51,4.702424,1.3046585,1.0559089,0.21076162,0.7384045,-0.64057654,-0.36473274,0.66737527,0.6492921,0.90694517,0.09679337,0.4099774,278.0,140.0,2.0,0.0,147.0,11.0,17.0,142.92087,6.532374,7.158273
14,0,15,0,random class 2,0.34,0.66,4.2180686,2.524106,1.329462,0.43752345,-0.5601477,-0.70342577,0.30313358,-0.6446032,0.7018524,0.8465715,0.52030885,0.11222943,547.0,9.0,5.0,0.0,19.0,15.0,17.0,13.634369,9.648994,7.3638024
15,0,16,0,random class 2,0.47,0.53,3.3704488,2.385249,0.58013123,0.15136921,0.05278873,-0.98706675,-0.50485706,-0.85437834,-0.12311363,0.84982747,-0.51696324,0.10267582,156.0,94.0,6.0,0.0,99.0,16.0,11.0,95.80769,10.564102,4.6474357
16,0,17,0,random class 1,0.65,0.35,3.9105148,1.534129,1.1535139,0.3053711,-0.8977707,0.31742132,-0.1668791,-0.37864068,-0.910375,0.9374966,0.22503124,-0.26544508,250.0,57.0,8.0,0.0,65.0,15.0,14.0,61.176,11.044,5.896
17,0,18,0,random class 1,0.58,0.42,2.4516375,1.4656678,1.0970584,-0.19575217,0.05701792,-0.9789944,-0.31994224,-0.9473962,0.008795581,0.9269941,-0.3149434,-0.20369731,157.0,120.0,11.0,0.0,125.0,18.0,10.0,121.828026,13.305733,2.866242
18,0,19,0,random class 1,0.53,0.47,3.4513593,1.5638552,1.0671976,-0.11587461,-0.7944547,-0.5961668,-0.26677865,-0.5532622,0.78913254,0.95676655,-0.250485,0.14783452,257.0,135.0,10.0,0.0,142.0,17.0,13.0,137.31906,13.326848,5.5136185
19,0,20,0,random class 2,0.39,0.61,8.599535,2.5014973,1.7144123,-0.107452534,-0.40654007,-0.9072922,0.010669985,0.91205174,-0.40993637,0.99415296,-0.053729497,-0.09366449,1065.0,62.0,12.0,0.0,73.0,24.0,30.0,67.97934,16.952112,16.373709
20,0,21,0,random class 1,0.55,0.45,2.3309402,1.4695504,1.2803152,-0.2031886,0.9737208,-0.10287005,-0.8735092,-0.13279836,0.46834415,0.44237548,0.18502013,0.8775372,180.0,128.0,16.0,0.0,134.0,26.0,6.0,130.87222,19.7,1.9777777
21,0,22,0,random class 1,0.55,0.45,2.4190567,1.6998268,1.4130192,0.11426624,-0.98693913,0.11355364,0.004037069,0.11476266,0.9933847,0.99344194,0.11305191,-0.017097838,267.0,38.0,21.0,0.0,46.0,27.0,10.0,41.17603,23.543072,4.632959
22,0,23,0,random class 2,0.27,0.73,4.4868197,2.9008863,2.335062,-0.10949871,0.19672349,-0.97432536,-0.3439313,-0.92717,-0.14855006,0.9325885,-0.31883493,-0.16918328,1217.0,47.0,16.0,0.0,59.0,31.0,19.0,52.54807,22.698439,8.528348
23,0,24,0,random class 1,0.8,0.2,3.0379388,1.9736058,1.5912232,-0.2687176,-0.6849168,-0.677259,-0.5311327,0.691928,-0.48901296,0.8035477,0.22830805,-0.5497149,398.0,115.0,21.0,0.0,123.0,31.0,11.0,118.63065,25.138191,3.8341708
24,0,25,0,random class 2,0.24,0.76,7.9870043,2.78992,2.1692286,-0.124002196,-0.16191413,-0.97898275,-0.31439322,-0.9293565,0.19352883,0.94115907,-0.33178356,-0.064337544,1159.0,134.0,15.0,0.0,146.0,32.0,30.0,139.13374,23.557377,15.003451
25,0,26,0,random class 2,0.44,0.56,4.8852572,2.0670457,1.173385,-0.0044127894,-0.47458574,-0.88019824,-0.20734394,-0.8606436,0.46508178,0.97825813,-0.18455608,0.09460464,487.0,72.0,26.0,0.0,79.0,36.0,20.0,75.23819,30.008213,7.868583
26,0,27,0,random class 2,0.47,0.53,1.9789383,1.7557135,1.4328263,0.05202076,0.9829945,0.17611259,0.9529186,0.0038922043,-0.3032013,0.29873064,-0.18359372,0.9365113,224.0,105.0,34.0,0.0,112.0,42.0,6.0,107.97321,37.92857,1.9776785
27,0,28,0,random class 2,0.36,0.64,5.726284,2.4588969,1.7609383,0.015801989,-0.37770545,-0.92579097,-0.79598343,-0.56509924,0.21696359,0.6051121,-0.7334858,0.309577,938.0,122.0,28.0,0.0,131.0,48.0,18.0,126.554375,37.443497,5.594883
28,0,29,0,random class 1,0.65,0.35,2.4121032,1.9010434,1.7037592,-0.4555793,0.81706136,0.35335284,-0.015949244,0.38938305,-0.92093784,0.8900523,0.4251959,0.16436334,361.0,67.0,40.0,0.0,76.0,48.0,10.0,71.5374,43.049862,4.301939
29,0,30,0,random class 2,0.46,0.54,5.045972,2.2697008,0.8196261,-0.028284067,-0.011416209,-0.9995347,-0.5052547,-0.8626323,0.024149885,0.8625066,-0.5057027,-0.018630657,390.0,146.0,28.0,0.0,150.0,43.0,21.0,148.18974,34.79231,11.307693
30,0,31,0,random class 2,0.17,0.83,4.9000707,3.141061,1.6185559,0.17508395,-0.0142412465,-0.9844505,0.94399303,-0.28161338,0.17196248,0.27968338,0.9594223,0.035862345,1006.0,92.0,35.0,0.0,100.0,56.0,17.0,95.61332,45.992046,7.4811134
31,0,32,0,random class 2,0.47,0.53,2.785197,1.9246755,1.7832439,0.022998765,-0.09117209,-0.9955695,-0.12500896,-0.98827934,0.08761662,0.991889,-0.12244003,0.034126535,445.0,18.0,15.0,1.0,26.0,23.0,13.0,21.72809,18.530336,6.802247
32,0,33,0,random class 2,0.4,0.6,5.319004,2.4887078,1.7621102,-0.11370311,-0.5063945,-0.8547726,-0.605162,-0.6470308,0.46382114,0.7879407,-0.5700138,0.2328813,897.0,77.0,14.0,3.0,87.0,30.0,22.0,81.42921,21.67447,13.671126
33,0,34,0,random class 2,0.18,0.82,5.07258,2.8944328,1.4795736,0.27256688,0.13307583,-0.9528893,-0.41331676,-0.87815344,-0.24086477,0.86883634,-0.4594969,0.18435308,860.0,58.0,28.0,4.0,68.0,44.0,25.0,62.652325,34.85349,13.85
34,0,35,0,random class 2,0.22,0.78,5.5634017,2.7059267,1.5509884,0.17385489,-0.08585871,-0.9810213,-0.7139775,-0.6970963,-0.06552018,0.6782408,-0.71181816,0.18249477,964.0,118.0,38.0,4.0,126.0,56.0,25.0,121.537346,47.309128,13.875519
35,0,36,0,random class 2,0.17,0.83,5.0917664,3.5189738,1.367687,-0.15457633,0.057153936,-0.98632634,0.25055957,-0.96341944,-0.09509408,0.95568097,0.26183277,-0.13460137,940.0,135.0,42.0,5.0,143.0,57.0,26.0,138.36916,50.175533,14.8372345
36,0,37,0,random class 1,0.67,0.33,3.5651736,0.92628276,0.6764713,0.001812363,0.51171046,-0.8591561,0.019185528,-0.85901713,-0.51158726,0.9998143,0.015556182,0.011374286,101.0,0.0,0.0,6.0,3.0,4.0,20.0,0.75247526,0.9306931,12.742575
37,0,38,0,random class 2,0.23,0.77,6.490252,2.835621,2.6038415,-0.012010965,0.83741117,-0.54644144,-0.35814288,0.50662285,0.78426206,0.9335895,0.20512386,0.29382783,1094.0,91.0,12.0,6.0,105.0,28.0,30.0,98.53565,18.256855,17.914076
38,0,39,0,random class 2,0.17,0.83,5.8281355,2.67122,1.7992678,0.20887516,-0.5049323,0.837505,-0.39149284,-0.8279517,-0.40153366,0.896161,-0.24400678,-0.37061593,1089.0,25.0,23.0,6.0,36.0,39.0,28.0,31.2764,30.943068,16.23875
39,0,40,0,random class 2,0.48,0.52,3.5223813,1.6954948,1.4980793,0.016399179,-0.35055447,-0.93639874,0.15328954,-0.92457175,0.34881142,0.9880452,0.14926036,-0.03857412,390.0,82.0,0.0,8.0,88.0,8.0,22.0,84.61282,2.348718,15.0487175
40,0,41,0,random class 1,0.6,0.4,3.3173509,1.0517827,0.5776746,-0.13621876,-0.69378334,-0.70718396,-0.5862778,-0.51896244,0.62205815,0.79857546,-0.4993422,0.33605736,76.0,145.0,10.0,8.0,150.0,18.0,19.0,146.0658,13.618421,12.776316
41,0,42,0,random class 2,0.32,0.68,4.0763264,2.7045019,2.0628564,0.009495511,0.11839865,-0.99292076,-0.59302855,-0.79883105,-0.10092611,0.8051254,-0.5897887,-0.06262848,962.0,110.0,20.0,8.0,120.0,36.0,25.0,114.079,27.911642,17.02079
42,0,43,0,random class 2,0.21,0.79,5.2168937,3.9841845,1.028943,-0.066448554,-0.002854075,-0.99778575,-0.41742766,-0.90820163,0.030396845,0.9062774,-0.41852322,-0.059157312,758.0,102.0,32.0,8.0,108.0,51.0,30.0,104.45779,42.455147,18.168865
43,0,44,random class 2,random class 2,0.13,0.87,6.807094,3.5034664,1.9087063,0.09167872,0.12371538,-0.98807365,0.755856,-0.654631,-0.011833135,0.6482876,0.7457565,0.15352674,1453.0,11.0,28.0,10.0,22.0,53.0,30.0,15.84446,40.216793,18.734343
44,0,45,0,random class 2,0.21,0.79,5.311972,3.102769,1.5035019,-0.14636992,0.10186169,-0.9839716,-0.8289004,-0.5555134,0.065795146,0.53990734,-0.8252449,-0.16574365,965.0,40.0,28.0,11.0,48.0,49.0,29.0,43.46114,38.28601,19.332642
45,0,46,random class 1,random class 1,0.82,0.18,2.4204772,2.140395,1.6716967,0.7021854,0.71160656,-0.023490598,-0.12870237,0.09441102,-0.9871789,0.7002652,-0.6962059,-0.15787949,401.0,64.0,57.0,11.0,74.0,64.0,21.0,68.30673,60.0399,16.177057
46,0,47,0,random class 2,0.41,0.59,5.0221386,2.0284388,1.877046,0.028478049,0.8119393,-0.5830468,-0.5495777,0.49993208,0.6693521,0.8349571,0.30136767,0.4604608,803.0,122.0,10.0,12.0,131.0,24.0,30.0,125.4259,17.143213,22.024906
47,0,48,random class 2,random class 2,0.21,0.79,4.7138467,2.674031,1.8407575,0.3225983,-0.9465156,0.006204169,-0.35934043,-0.12853165,-0.9243128,0.8756739,0.29595232,-0.38158542,965.0,2.0,17.0,13.0,15.0,29.0,30.0,7.343005,22.06943,21.245596
48,0,49,random class 2,random class 2,0.1,0.9,4.686153,4.068157,1.0015814,0.23379996,-0.059616305,0.9704553,0.37218636,0.9275824,-0.03268376,0.89822876,-0.3688317,-0.23905711,488.0,87.0,33.0,13.0,94.0,50.0,30.0,90.78074,42.508198,22.163935
49,0,50,0,random class 2,0.19,0.81,4.4644237,3.533494,1.4424758,-0.05726594,0.11218951,-0.9920353,-0.99070925,0.1163868,0.0703516,0.123352535,0.98684734,0.10448218,903.0,23.0,38.0,13.0,32.0,57.0,29.0,28.115171,47.469547,20.265781
50,0,51,0,random class 2,0.36,0.64,4.1347933,3.139878,1.7400805,0.5880121,0.48344493,-0.64847726,-0.3634434,-0.55831504,-0.7457836,0.7225999,-0.67421454,0.15259114,903.0,0.0,3.0,14.0,14.0,14.0,30.0,5.387597,8.099668,21.816168
51,0,52,0,random class 2,0.27,0.73,4.199397,3.4826486,1.1000338,0.005755373,0.19664526,-0.9804578,-0.778422,-0.6145874,-0.12783396,0.627715,-0.76394564,-0.14953582,677.0,131.0,28.0,14.0,137.0,45.0,30.0,133.1743,36.03545,23.155096
52,0,53,0,random class 1,0.69,0.31,5.114217,1.5177214,1.2771688,-0.044122323,0.58756495,-0.8079732,-0.58885604,-0.6686284,-0.4540756,0.8070327,-0.455745,-0.3754926,383.0,102.0,51.0,14.0,108.0,64.0,30.0,104.56919,57.0235,21.355091
53,0,54,0,random class 1,0.67,0.33,4.9617987,1.4912484,1.1872896,0.1948847,0.8713317,-0.4503343,-0.48130092,-0.31510136,-0.8179612,0.8546165,-0.37615445,-0.3579643,297.0,127.0,56.0,14.0,135.0,67.0,30.0,130.47475,61.070705,21.178452
54,0,55,0,random class 2,0.34,0.66,4.254131,3.0146837,1.9198815,-0.6933727,0.4620084,0.552976,-0.16902827,0.6417105,-0.7480889,0.7004739,0.612173,0.36685213,769.0,46.0,1.0,15.0,60.0,13.0,30.0,52.13784,6.626788,23.29909
55,0,56,random class 1,random class 1,0.75,0.25,4.5085826,1.8562392,1.0775787,0.13289057,-0.92099154,-0.36621678,-0.58090097,0.22700326,-0.78168,0.803053,0.31661358,-0.5048383,351.0,86.0,53.0,15.0,94.0,64.0,30.0,90.03704,57.99715,22.376068
56,0,57,0,random class 1,0.56,0.44,3.325609,1.5478839,1.0186416,-0.11152832,0.97247005,-0.20460558,-0.5530696,0.11031721,0.8257991,0.8256364,0.20526111,0.5255401,211.0,140.0,61.0,15.0,148.0,70.0,28.0,142.8673,65.11375,20.838863
57,0,58,0,random class 2,0.18,0.82,4.1224766,3.0889537,1.6479945,0.11238254,0.13673283,-0.9842125,0.95430166,-0.29087508,0.06855701,0.2769089,0.94694024,0.16317365,780.0,0.0,28.0,16.0,7.0,46.0,30.0,2.7641025,37.275642,23.141026
58,0,59,0,random class 2,0.31,0.69,4.1394424,2.9744134,1.240187,-0.17168213,-0.06161965,-0.9832234,-0.7807611,-0.6001306,0.1739407,0.6007806,-0.7975251,-0.054921474,526.0,35.0,40.0,17.0,41.0,57.0,30.0,37.562737,50.655895,24.507605
59,0,60,0,random class 2,0.23,0.77,4.6977015,2.647878,1.6303475,-0.31371346,0.13569978,-0.93977094,0.9494647,0.034374364,-0.31198588,0.010032386,0.9901535,0.13962585,652.0,49.0,36.0,18.0,60.0,55.0,30.0,52.983128,46.423313,25.503067
60,0,61,random class 1,random class 1,0.75,0.25,3.2287717,2.5275264,1.9356451,-0.53491056,0.24319677,-0.8091514,0.63137466,-0.5213425,-0.57408017,0.5614595,0.81795925,-0.12532334,527.0,91.0,63.0,18.0,103.0,75.0,30.0,95.76091,68.76091,23.705883
61,0,62,random class 2,random class 2,0.25,0.75,3.498415,2.5968049,1.4421424,0.25278872,0.13219957,-0.9584473,-0.9362989,-0.21620287,-0.2767682,0.24380769,-0.96735704,-0.06912466,520.0,78.0,35.0,19.0,87.0,50.0,30.0,82.332695,43.003845,25.367308
62,0,63,0,random class 1,0.52,0.48,3.7358398,2.0422502,1.4494172,-0.22735648,-0.11931366,-0.96647465,-0.8898883,-0.37760457,0.25595626,0.39548433,-0.9182478,0.020324985,327.0,142.0,42.0,19.0,150.0,57.0,30.0,145.3364,51.474007,26.0948
63,0,64,random class 1,random class 1,0.89,0.11,3.292699,1.5538532,1.401482,-0.070503294,-0.837855,0.5413209,-0.655816,-0.36996728,-0.6580498,0.75162137,-0.4014016,-0.5233948,311.0,129.0,63.0,19.0,135.0,74.0,30.0,131.33119,69.10611,25.186495
64,0,65,0,random class 1,0.59,0.41,3.2138448,1.979629,1.1876498,-0.35332268,-0.8122226,-0.464174,-0.71978515,-0.08090849,0.6894659,0.5975554,-0.5777095,0.556039,289.0,114.0,58.0,20.0,123.0,68.0,30.0,118.40485,63.34948,26.145329
65,0,66,random class 2,random class 2,0.3,0.7,2.8587754,2.305686,1.5355761,-0.9397284,0.31147635,-0.14104268,-0.31382102,-0.6219324,0.71743745,0.1357458,0.7184585,0.68219537,374.0,27.0,3.0,21.0,40.0,13.0,30.0,32.294117,8.0,25.53476
66,0,67,0,random class 1,0.79,0.21,2.5895224,2.2684562,0.99863255,-0.7521328,-0.6527018,-0.09097597,-0.3122127,0.47449157,-0.8230316,0.58036155,-0.59062517,-0.56066245,243.0,110.0,69.0,21.0,121.0,77.0,30.0,115.19753,73.19753,25.893003
67,0,68,0,random class 1,0.7,0.3,2.166908,1.9419916,1.3957394,-0.6291481,-0.766081,0.13150148,0.24369924,-0.3550612,-0.90251994,-0.7380944,0.5357719,-0.41007942,253.0,5.0,55.0,22.0,15.0,62.0,30.0,9.071146,58.561264,26.3083
68,0,69,0,random class 1,0.69,0.31,3.6414073,1.93322,1.2481607,-0.9954193,0.03804558,0.08770904,-0.09551712,-0.43511337,-0.89529485,-0.004101364,0.8995715,-0.43675426,356.0,40.0,58.0,22.0,55.0,65.0,30.0,46.66292,61.435394,26.671349
69,0,70,0,random class 1,0.78,0.22,3.0723276,1.7396924,1.1839292,0.97162735,0.023568416,0.23533982,0.19455986,0.4861395,-0.85194767,0.13448705,-0.87356335,-0.46776095,269.0,20.0,58.0,23.0,33.0,64.0,30.0,25.39777,60.881042,26.873606
70,0,71,0,random class 1,0.61,0.39,1.9505042,1.5340676,1.2253814,-0.22984599,-0.8352207,-0.49957705,-0.60061747,-0.28217477,0.74808824,0.7657868,-0.4719998,0.43679142,158.0,80.0,58.0,23.0,86.0,64.0,30.0,82.8481,60.66456,26.70886
71,0,72,0,random class 2,0.49,0.51,5.1704264,2.0429642,1.3159125,0.74560267,-0.6446525,-0.168819,-0.6637056,-0.69565475,-0.2748806,0.059762716,0.3169978,-0.9465415,427.0,60.0,59.0,23.0,77.0,73.0,30.0,67.8103,66.2178,27.31616
72,0,73,0,random class 2,0.4,0.6,2.512665,1.8517774,1.2835776,-0.9423425,-0.16364937,0.2919066,0.32489812,-0.6564322,0.6808362,0.08019848,0.7364208,0.67175335,239.0,77.0,67.0,23.0,87.0,75.0,30.0,81.59833,70.794975,27.025105
73,0,74,0,random class 1,0.6,0.4,2.4031668,1.6900536,1.486492,-0.25820053,-0.9252696,0.2778644,-0.91982156,0.14750277,-0.36355358,0.2953993,-0.34945542,-0.88916826,261.0,136.0,70.0,23.0,144.0,80.0,30.0,139.50192,75.030655,26.819923
74,0,75,0,random class 1,0.5,0.5,2.4465222,2.0617688,1.28711,0.02441231,0.9990753,-0.035391234,0.95604044,-0.012983393,0.29294735,-0.29221696,0.040986974,0.95547336,261.0,109.0,42.0,24.0,119.0,52.0,30.0,113.98084,47.517242,27.333334
75,0,76,0,random class 1,0.51,0.49,1.9868525,1.5405849,1.1724343,-0.1823982,0.98255175,0.036372982,0.96348333,0.17123775,0.20585808,-0.19603778,-0.0725929,0.97790563,153.0,121.0,47.0,25.0,129.0,55.0,30.0,124.64706,50.843136,27.61438
76,0,77,0,random class 1,0.61,0.39,1.3559942,0.9415667,0.4321249,0.06367075,0.10805493,-0.99210393,-0.9968681,0.053609956,-0.058137577,-0.046904594,-0.9926984,-0.1111299,25.0,148.0,31.0,26.0,150.0,37.0,30.0,148.72,33.64,28.0
77,0,78,0,random class 1,0.59,0.41,2.5240116,1.3910298,0.98613,-0.99672836,0.07990798,-0.012135275,0.08032146,0.9625798,-0.25882152,-0.009000735,-0.2589495,-0.9658489,149.0,44.0,66.0,26.0,55.0,72.0,30.0,49.328857,68.456375,27.872482
78,0,79,0,random class 2,0.42,0.58,1.7865711,1.3199731,0.82138747,-0.90450275,-0.42228654,0.05957205,0.42607653,-0.90079504,0.083827436,0.018263007,0.1012044,0.994698,86.0,18.0,67.0,26.0,26.0,73.0,30.0,21.5,69.360466,28.151163
79,0,80,0,random class 2,0.46,0.54,1.8678864,1.0901029,0.8307209,-0.8393014,0.54164493,-0.04683886,-0.5425119,-0.82879347,0.13704844,0.035411853,0.14043559,0.98945636,74.0,31.0,66.0,26.0,38.0,73.0,30.0,33.945946,69.189186,28.162163
80,0,81,0,random class 1,0.61,0.39,3.0209448,1.026355,0.62425834,0.096028745,0.9661901,-0.23928055,0.9948846,-0.085594214,0.053649336,0.031354424,-0.24320842,-0.96946716,74.0,24.0,20.0,27.0,29.0,34.0,30.0,26.135136,26.22973,28.45946
81,0,82,0,random class 2,0.49,0.51,1.4574407,0.90172726,0.65979606,0.24216491,-0.9700903,-0.016761592,0.9659219,0.24267955,-0.090008564,0.09138413,0.0056065265,0.99579996,38.0,116.0,26.0,27.0,120.0,32.0,30.0,117.710526,28.421053,28.394737
82,0,83,0,random class 1,0.51,0.49,2.5216815,1.5029622,0.7062841,-0.34893522,0.93657506,0.03273151,0.93683887,0.34950304,-0.013435484,0.0240231,-0.025976038,0.99937385,113.0,49.0,27.0,27.0,56.0,37.0,30.0,52.415928,31.646017,28.327435
83,0,84,0,random class 1,0.52,0.48,2.689678,1.0937204,0.72970974,0.19063045,0.9717226,-0.13933839,-0.98134935,0.1922216,-0.002074054,0.024768444,0.13713503,0.99024266,88.0,67.0,38.0,27.0,73.0,49.0,30.0,69.670456,44.261364,28.295454
84,0,85,0,random class 1,0.52,0.48,0.875105,0.6693835,0.5837845,-0.84583783,-0.26395088,-0.46356043,-0.47692704,-0.015079489,0.8788135,0.23895387,-0.96441823,0.11313052,16.0,147.0,67.0,27.0,150.0,70.0,30.0,148.1875,67.75,28.3125
85,0,86,0,random class 1,0.53,0.47,2.5306318,2.0086398,0.6450792,-0.47745615,0.87679386,-0.05716734,-0.8771201,-0.47176713,0.08997864,0.051923055,0.093103476,0.9943016,127.0,58.0,76.0,27.0,68.0,87.0,30.0,63.062992,80.826775,28.417322
86,0,87,0,random class 2,0.49,0.51,2.0674472,1.8427744,0.604569,0.5024381,-0.86423784,0.025473043,0.8645003,0.50263053,0.0013516685,-0.013971692,0.021342322,0.9996746,102.0,96.0,80.0,27.0,105.0,89.0,30.0,100.14706,83.539215,28.5
87,0,88,0,random class 1,0.5,0.5,0.8062258,0.52915025,0.4472136,-1.5869854e-16,-0.70710677,0.70710677,1.0,1.4852226e-15,1.7096563e-15,-2.2591205e-15,0.70710677,0.70710677,10.0,0.0,58.0,28.0,2.0,62.0,30.0,0.4,59.5,28.6
88,0,89,0,random class 1,0.6,0.4,3.582076,0.8866553,0.4805465,-0.0074293655,-0.9999607,-0.004828418,-0.9999682,0.007443261,-0.0028663143,0.0029021408,0.00480697,-0.99998426,69.0,80.0,78.0,28.0,84.0,92.0,30.0,81.23189,84.73913,28.637682
89,1,1,0,random class 1,0.53,0.47,1.9337449,1.4902909,1.2177879,-0.061164904,0.4827671,0.8736102,-0.9926779,0.0619151,-0.10371631,-0.10416048,-0.8735573,0.4754452,148.0,27.0,0.0,0.0,33.0,8.0,6.0,28.77027,3.4864864,2.0608108
90,1,2,0,random class 1,0.52,0.48,3.1759486,1.8432405,1.2234576,0.10838993,-0.32774413,-0.9385283,-0.26669177,-0.9190697,0.29014894,0.9576675,-0.21884856,0.18702456,309.0,50.0,0.0,0.0,56.0,8.0,14.0,52.242718,2.6375403,4.618123
91,1,3,0,random class 1,0.75,0.25,3.1241908,1.3427413,1.0627518,0.23834494,0.95624524,0.1696664,-0.10808539,0.19973402,-0.9738706,0.96514726,-0.21377866,-0.15096174,175.0,59.0,0.0,0.0,66.0,5.0,12.0,62.125713,1.2,4.0742855
92,1,4,0,random class 1,0.77,0.23,1.7568496,1.2349062,0.8466426,0.37711442,0.8291046,-0.4127593,-0.30014887,-0.31220612,-0.9013534,0.87618226,-0.4638026,-0.13111739,72.0,90.0,0.0,0.0,95.0,4.0,8.0,91.875,1.0694444,1.8888888
93,1,5,0,random class 1,0.54,0.46,2.941887,1.1445264,0.8231394,-0.16165249,-0.9748575,0.15336664,-0.1590868,0.17912085,0.97087955,0.9739404,-0.1325465,0.18404229,114.0,132.0,0.0,0.0,137.0,4.0,11.0,134.11403,0.9385965,3.9122808
94,1,6,0,random class 1,0.54,0.46,1.5916336,1.3248626,0.82776004,0.09580515,-0.349712,-0.93194574,-0.76301336,-0.62705976,0.15686506,0.6392433,-0.6960586,0.3269105,69.0,146.0,1.0,0.0,150.0,8.0,6.0,148.08696,3.1884058,1.5362319
95,1,7,0,random class 1,0.51,0.49,2.5221164,1.5496995,0.8703515,0.09092029,0.5828111,0.80750525,0.2878461,-0.7916327,0.5389455,0.953351,0.18343614,-0.23973538,115.0,108.0,2.0,0.0,114.0,9.0,9.0,111.23478,4.791304,3.1826086
96,1,8,0,random class 1,0.51,0.49,4.22817,1.2624897,0.9223586,-0.16624519,-0.51897955,-0.8384645,-0.26969472,-0.79394656,0.5448978,0.94848686,-0.31671607,0.007976236,205.0,119.0,0.0,0.0,126.0,8.0,16.0,121.92683,2.1512196,6.243902
97,1,9,0,random class 2,0.47,0.53,2.1809757,1.5246152,1.313884,0.20944624,-0.76622546,0.60747904,0.9763856,0.19752288,-0.087498024,-0.052947793,0.6114599,0.78950197,196.0,39.0,4.0,0.0,46.0,13.0,6.0,41.69898,8.096939,1.9234694
98,1,10,0,random class 1,0.5,0.5,4.273293,1.2372507,1.2120477,0.0049073338,-0.21892822,-0.97572863,-0.13747433,-0.96662354,0.21619385,0.9904932,-0.1330767,0.034840554,263.0,67.0,2.0,0.0,73.0,9.0,18.0,69.543724,5.0038023,7.2661595
99,1,11,0,random class 2,0.49,0.51,4.299281,1.5197101,1.1523635,0.26658884,0.9551055,-0.12924361,-0.34747294,0.2203213,0.911439,0.8989955,-0.19807081,0.39060852,311.0,138.0,2.0,0.0,146.0,10.0,15.0,142.08682,6.0,7.1125402
100,1,12,0,random class 2,0.44,0.56,5.4184785,1.3664385,1.3282006,-0.14049156,0.7634053,0.63045573,-0.26755562,-0.64235336,0.7181895,0.95324504,-0.06778242,0.2944986,387.0,126.0,3.0,0.0,133.0,12.0,20.0,129.1628,7.255814,9.687339
101,1,13,0,random class 1,0.54,0.46,1.7048469,0.9603816,0.8842023,0.73894846,0.63566566,-0.22334816,-0.6443022,0.7636342,0.04168346,0.19705303,0.11310177,0.97384703,57.0,81.0,8.0,0.0,88.0,15.0,4.0,84.03509,10.385965,0.8947368
102,1,14,0,random class 1,0.56,0.44,2.3287466,1.6763258,0.7898043,-0.12616634,0.382332,-0.9153711,0.53524595,-0.7506672,-0.38731188,0.8352208,0.5388144,0.10993271,129.0,100.0,7.0,0.0,105.0,16.0,9.0,101.75969,10.2015505,4.5116277
103,1,15,0,random class 2,0.48,0.52,4.1648,2.046488,0.8127376,0.26519224,0.1277745,-0.95569175,-0.46909887,-0.8488672,-0.24366115,0.84238905,-0.512931,0.16517413,256.0,94.0,6.0,0.0,100.0,16.0,15.0,96.19531,9.90625,6.6796875
104,1,16,0,random class 2,0.17,0.83,6.249941,3.442689,1.7194177,0.6782301,0.08789227,-0.72957444,0.72802186,-0.21539149,0.65083843,0.09994046,0.9725644,0.21007249,1025.0,9.0,7.0,0.0,26.0,25.0,18.0,18.040976,14.793171,7.597073
105,1,17,0,random class 1,0.52,0.48,4.1668477,1.4372325,1.2348359,0.23895451,0.7785412,-0.58032256,-0.19509874,0.62394184,0.7567252,0.95122933,-0.067602694,0.30098614,319.0,57.0,9.0,0.0,65.0,16.0,15.0,60.47022,11.291536,6.557994
106,1,18,0,random class 1,0.58,0.42,3.0601242,1.3576372,1.0420017,-0.24294844,0.034731954,-0.9694172,-0.21680444,-0.97602296,0.019365363,0.94550085,-0.21487874,-0.2446533,167.0,119.0,10.0,0.0,125.0,17.0,11.0,121.20359,12.778443,3.8682635
107,1,19,0,random class 1,0.55,0.45,3.1655033,1.7433132,1.0341178,-0.10202714,-0.8286365,-0.5504107,-0.21544461,-0.52176005,0.82543933,0.9711715,-0.20280023,0.1252916,256.0,134.0,11.0,0.0,141.0,17.0,13.0,136.97656,13.230469,4.78125
108,1,20,0,random class 2,0.27,0.73,8.679162,2.487893,1.8822445,-0.07434925,0.3044352,0.949627,-0.00037214434,-0.952271,0.30525368,0.9972322,0.022341982,0.070913926,1082.0,62.0,12.0,0.0,72.0,25.0,30.0,67.69316,17.921442,15.791127
109,1,21,0,random class 1,0.73,0.27,2.631058,1.6394318,1.3662422,-0.11058476,-0.9114821,0.39619613,-0.46213746,-0.30576515,-0.83242816,0.8798863,-0.27515095,-0.38741708,217.0,127.0,17.0,0.0,134.0,25.0,10.0,129.91705,19.262672,2.7741935
110,1,22,0,random class 2,0.24,0.76,4.687076,2.834966,2.2550573,-0.12930298,0.04402492,-0.99062735,-0.31184557,-0.9501316,-0.0015211625,0.9412933,-0.30872604,-0.13658382,1155.0,47.0,17.0,0.0,58.0,31.0,20.0,52.256275,22.35238,8.380953
111,1,23,0,random class 1,0.63,0.37,2.3249927,1.5430752,1.4556793,-0.023010314,-0.95813805,0.28538054,0.053830832,-0.28622946,-0.95664775,0.99828494,-0.0066504935,0.0581636,239.0,38.0,20.0,0.0,46.0,27.0,10.0,41.200836,22.974895,4.2217574
112,1,24,0,random class 2,0.22,0.78,7.3307605,3.2197356,1.9988078,-0.29354304,0.19132662,-0.9366038,0.16792156,-0.95421183,-0.2475522,0.94108176,0.22994319,-0.2479744,1454.0,108.0,20.0,0.0,122.0,36.0,26.0,114.35901,27.550894,13.718707
113,1,25,0,random class 2,0.24,0.76,7.907203,2.957864,1.9612176,-0.09374278,0.06343624,-0.9935734,-0.32762516,-0.9443508,-0.0293824,0.9401458,-0.32276523,-0.109309375,1098.0,133.0,14.0,0.0,144.0,31.0,28.0,138.67941,23.600182,15.050091
114,1,26,0,random class 2,0.43,0.57,4.740446,2.1352372,1.0976118,0.09155269,0.5322051,-0.84165066,-0.20668097,0.8369507,0.5067509,0.97411555,0.12755877,0.18662176,448.0,72.0,27.0,0.0,80.0,37.0,20.0,74.908485,31.075893,7.993304
115,1,27,0,random class 1,0.5,0.5,1.8963548,1.772172,1.3508205,-0.43369323,0.88814,0.15204448,0.86573696,0.45749947,-0.20296249,0.24981937,-0.04360706,0.96731,201.0,104.0,34.0,0.0,112.0,42.0,6.0,107.114426,37.66169,1.7313433
116,1,28,0,random class 2,0.23,0.77,5.511676,2.609152,1.7272414,-0.06209905,-0.3594182,-0.93110806,-0.844782,-0.47786707,0.2408037,0.5314951,-0.80153704,0.27395493,962.0,121.0,28.0,0.0,130.0,47.0,17.0,125.33056,37.284824,5.889813
117,1,29,0,random class 2,0.44,0.56,5.7460895,2.2549808,1.1570415,-0.014772668,0.08783957,-0.9960251,-0.49452594,-0.8664138,-0.06907451,0.86903733,-0.49153984,-0.056238193,563.0,145.0,28.0,0.0,150.0,44.0,22.0,147.66252,35.619892,9.557727
118,1,30,0,random class 1,0.65,0.35,2.8478515,2.0280159,1.5982977,-0.32020754,0.9460118,-0.050287135,0.03915184,-0.039821856,-0.99843943,0.94653803,0.32167667,0.024286846,424.0,65.0,40.0,0.0,75.0,47.0,13.0,69.79953,42.889153,5.5070753
119,1,31,0,random class 2,0.22,0.78,5.1244607,2.9015167,1.6851503,0.17696376,-0.061367054,-0.98230237,0.9488769,-0.254411,0.18683584,0.26137412,0.9651472,-0.013208246,1019.0,91.0,37.0,0.0,100.0,58.0,15.0,95.05888,47.41413,6.530913
120,1,32,0,random class 2,0.26,0.74,4.831654,2.6817303,1.8425841,-0.16556127,-0.5394068,-0.82560873,-0.6221569,-0.59242153,0.5118178,0.76518637,-0.5983954,0.23751359,948.0,76.0,15.0,4.0,88.0,30.0,23.0,81.52953,22.314346,14.149789
121,1,33,0,random class 2,0.22,0.78,5.215974,2.8311672,1.5812204,0.15855567,0.084768295,-0.98370445,-0.69446105,-0.69863605,-0.17213802,0.7018432,-0.7104379,0.051904425,959.0,117.0,38.0,4.0,125.0,57.0,24.0,120.45047,47.903023,14.043796
122,1,34,0,random class 2,0.16,0.84,4.684804,3.4027438,1.4239832,0.32389387,0.20292354,-0.9240751,-0.29887566,-0.9047636,-0.3034405,0.89764476,-0.3744661,0.2323985,906.0,58.0,28.0,5.0,67.0,46.0,24.0,61.96247,35.331127,14.633554
123,1,35,0,random class 1,0.56,0.44,3.7305658,1.0894343,0.792408,-0.017414385,-0.39002988,-0.9206375,-0.0132286,0.92078644,-0.38984275,0.99976087,0.0053898734,-0.02119448,142.0,0.0,0.0,6.0,4.0,4.0,21.0,0.9084507,1.2253522,12.767606
124,1,36,0,random class 1,0.55,0.45,3.635939,1.0948229,0.6273223,-0.14155143,-0.59331495,-0.792427,-0.5543681,-0.6156837,0.5600086,0.82014585,-0.51856625,0.24176393,90.0,144.0,10.0,6.0,149.0,19.0,19.0,145.27777,13.677778,12.388889
125,1,37,0,random class 2,0.24,0.76,6.3617597,2.8094745,2.6050572,-0.025651684,-0.11255759,-0.993314,-0.4088507,-0.9055569,0.11317167,0.9122407,-0.4090202,0.02279019,949.0,91.0,12.0,6.0,104.0,27.0,30.0,97.70706,18.652266,17.418335
126,1,38,0,random class 2,0.17,0.83,4.9220486,3.565162,1.4083697,-0.18281569,0.03770219,-0.982424,0.41930228,-0.90083706,-0.11259758,0.88924915,0.43251726,-0.14887851,879.0,133.0,41.0,6.0,141.0,58.0,26.0,136.90671,50.6223,14.564278
127,1,39,0,random class 2,0.32,0.68,5.7732778,2.5023828,1.9491746,0.21336499,-0.3091274,-0.926777,-0.35757175,-0.9075104,0.22037989,0.90918523,-0.28436795,0.30416617,1113.0,25.0,22.0,7.0,36.0,38.0,30.0,31.53549,30.689129,17.34052
128,1,40,0,random class 2,0.26,0.74,4.5716786,4.0868874,1.0268584,-0.11836713,-0.048450135,-0.9917872,-0.5907935,-0.79934967,0.10955892,0.7980929,-0.5989096,-0.0659927,703.0,102.0,32.0,8.0,108.0,52.0,30.0,103.78521,43.31579,17.445234
129,1,41,0,random class 2,0.49,0.51,2.889647,2.1505702,1.3832159,0.028113613,-0.2690083,-0.9627274,0.22735775,-0.93614453,0.26821974,0.9734054,0.22642417,-0.03484272,367.0,81.0,0.0,11.0,87.0,9.0,22.0,83.321526,3.934605,16.160763
130,1,42,0,random class 2,0.18,0.82,6.466848,3.7800014,1.5873436,0.04963803,0.10233013,-0.99351126,0.8195406,-0.5727369,-0.018044956,0.5708671,0.8133271,0.112293236,1363.0,12.0,29.0,11.0,21.0,53.0,30.0,15.717535,40.197357,19.851797
131,1,43,0,random class 1,0.77,0.23,2.556122,2.0322986,1.7686661,0.4941013,0.8220803,-0.28292736,-0.30226442,-0.14269298,-0.94248337,0.8151688,-0.55120116,-0.17798084,416.0,63.0,55.0,11.0,73.0,64.0,22.0,67.76442,59.372597,16.711538
132,1,44,0,random class 1,0.52,0.48,5.0724683,1.8684772,1.7658795,-0.054184657,0.55125713,-0.83257407,-0.5898022,-0.69047254,-0.41878518,0.80572784,-0.4683623,-0.3625457,704.0,121.0,9.0,12.0,129.0,23.0,30.0,124.90625,16.81534,21.21591
133,1,45,0,random class 2,0.21,0.79,4.680888,2.645745,1.8785692,0.24411035,-0.9625306,0.11808888,-0.34973264,-0.2009595,-0.9150423,0.90448725,0.18207175,-0.38568467,970.0,2.0,18.0,12.0,15.0,30.0,30.0,7.096907,22.638144,21.129896
134,1,46,0,random class 2,0.25,0.75,5.417655,3.0960162,1.3920828,-0.013882982,0.14663562,-0.9890931,-0.8719769,-0.48588166,-0.059794087,0.48935017,-0.8616362,-0.13460836,922.0,41.0,29.0,12.0,48.0,50.0,30.0,43.559654,38.39805,19.47397
135,1,47,0,random class 2,0.16,0.84,4.4842505,3.51304,1.5665332,-0.025498254,-0.21066605,-0.9772255,-0.94521874,-0.31315482,0.09217168,0.32544032,-0.926042,0.19114059,1005.0,23.0,38.0,12.0,32.0,58.0,30.0,27.520397,47.77214,20.03383
136,1,48,0,random class 2,0.22,0.78,4.0883684,3.9376037,1.0720502,0.014104546,0.20518719,-0.9786211,-0.9993073,0.036602065,-0.0067283455,0.034438983,0.9780381,0.20556131,624.0,88.0,34.0,13.0,94.0,52.0,30.0,90.770836,43.701923,22.163462
137,1,49,0,random class 2,0.35,0.65,4.4548974,3.0729415,1.8188552,0.6389696,0.5018901,-0.5829444,-0.32641685,-0.509306,-0.7962785,0.69654137,-0.69908065,0.16160566,921.0,0.0,3.0,14.0,16.0,15.0,30.0,6.3094463,9.042345,21.906624
138,1,50,0,random class 2,0.22,0.78,4.187555,3.470539,1.0083348,0.1191301,0.14543812,-0.9821689,-0.8725806,-0.4566357,-0.17345576,0.4737205,-0.87768537,-0.072507426,588.0,130.0,27.0,14.0,136.0,44.0,30.0,132.04422,35.55102,23.522108
139,1,51,0,random class 1,0.53,0.47,4.592456,1.5636402,1.2725451,-0.095228486,-0.22147919,-0.9705042,-0.53442496,-0.8111469,0.2375514,0.8398342,-0.5412833,0.041119717,400.0,101.0,52.0,14.0,108.0,64.0,30.0,104.0325,57.715,21.485
140,1,52,0,random class 2,0.48,0.52,4.605835,1.349772,1.2469168,0.21963619,0.9469387,-0.23466383,-0.48206845,0.314463,0.81775486,0.8481568,-0.066484526,0.5255567,309.0,126.0,56.0,14.0,134.0,67.0,30.0,129.8932,60.951458,21.770227
141,1,53,0,random class 2,0.22,0.78,4.0262995,2.9748998,1.5621665,0.10162665,0.13057135,-0.9862166,0.93706965,-0.34542274,0.050829533,0.33402476,0.92931926,0.1574586,721.0,0.0,29.0,16.0,7.0,48.0,30.0,3.2912621,38.156727,23.334257
142,1,54,0,random class 2,0.43,0.57,3.7760024,2.511735,0.81551224,-0.013906355,0.9970484,-0.07550604,-0.458566,0.0607446,0.88658184,0.88855153,0.046953626,0.45636776,226.0,140.0,61.0,16.0,150.0,69.0,30.0,143.0708,64.88496,22.765488
143,1,55,0,random class 1,0.65,0.35,4.101296,2.0222614,1.1701063,0.110805444,-0.912485,-0.3938188,-0.49712402,0.29223537,-0.816986,0.8605753,0.28630328,-0.42123696,365.0,85.0,54.0,17.0,94.0,64.0,30.0,89.76438,58.750687,22.783562
144,1,56,0,random class 2,0.46,0.54,4.030685,2.5349445,1.5869485,-0.7586274,0.2991775,0.57877225,-0.16887698,0.76767886,-0.6181826,0.62925756,0.56671154,0.531858,458.0,47.0,3.0,18.0,60.0,14.0,30.0,52.528385,8.034934,25.347162
145,1,57,0,random class 2,0.17,0.83,3.8037527,2.820903,1.6631453,0.26856306,-0.059932955,-0.9613958,-0.96222574,-0.06297701,-0.26486894,0.044671457,-0.9962138,0.07458233,588.0,48.0,39.0,18.0,59.0,55.0,30.0,52.241497,47.21599,25.261906
146,1,58,0,random class 2,0.26,0.74,3.923563,2.7747211,1.2100092,-0.15628359,-0.12717989,-0.97949004,-0.927474,-0.32212454,0.18980972,0.33965775,-0.9381157,0.06761327,470.0,34.0,40.0,18.0,41.0,58.0,30.0,36.85745,50.553192,25.41915
147,1,59,0,random class 2,0.41,0.59,3.6424096,2.6835525,1.7105356,-0.6535582,0.2890952,-0.69948953,0.6823211,-0.17493066,-0.70981497,0.32756627,0.94118184,0.082928374,410.0,90.0,63.0,18.0,102.0,75.0,30.0,95.19025,68.5561,24.368292
148,1,60,0,random class 2,0.48,0.52,3.8587832,2.1440997,1.6766171,-0.11998479,-0.07767265,-0.9897326,-0.89996135,-0.41238007,0.1414648,0.41913393,-0.9076947,0.02042305,427.0,140.0,41.0,19.0,148.0,58.0,30.0,143.87354,51.80328,25.618267
149,1,61,0,random class 1,0.55,0.45,3.4227326,1.5400885,1.2982147,-0.05442519,0.9086479,-0.41400114,-0.61162966,0.29739243,0.73312134,0.78927,0.29311565,0.53957033,278.0,128.0,64.0,19.0,135.0,75.0,30.0,131.17625,69.60432,24.978416
150,1,62,0,random class 1,0.61,0.39,2.5146182,2.1204898,2.0096602,-0.8397154,-0.17295228,-0.514748,-0.23363453,-0.74063486,0.62998015,0.4901968,-0.64926696,-0.5815149,437.0,28.0,2.0,20.0,40.0,11.0,30.0,32.638443,6.3638444,25.636156
151,1,63,0,random class 1,0.59,0.41,2.9856288,1.9427198,1.2601073,-0.3501065,-0.75226045,-0.5581484,-0.70777977,-0.17785735,0.68367726,0.61357415,-0.634406,0.4701657,277.0,114.0,59.0,20.0,123.0,69.0,30.0,117.949455,64.27798,26.220217
152,1,64,0,random class 2,0.41,0.59,3.7649179,2.2020876,1.3371587,-0.22755837,0.15813649,0.9608382,0.9731331,0.0014048961,0.230239,-0.035059307,-0.98741627,0.15420754,466.0,78.0,35.0,21.0,86.0,51.0,30.0,82.33476,43.345493,26.04292
153,1,65,0,random class 2,0.44,0.56,3.608782,2.5579062,2.0065885,0.8573753,0.5016691,0.11504655,0.48346725,-0.8616545,0.15430778,0.17654184,-0.07667844,-0.9813019,505.0,40.0,59.0,21.0,55.0,72.0,30.0,46.89109,63.41782,26.560396
154,1,66,0,random class 1,0.79,0.21,2.7094028,2.2476175,1.1316711,-0.8562989,-0.51567626,-0.028811997,-0.25473788,0.47021297,-0.8449902,0.4492891,-0.7162247,-0.53400517,285.0,109.0,70.0,22.0,120.0,77.0,30.0,114.50877,73.54386,26.010527
155,1,67,0,random class 2,0.46,0.54,2.5550468,2.18179,1.4268327,-0.09602135,0.9938262,0.05558224,0.9401148,0.072201096,0.3331234,-0.32705364,-0.08424064,0.9412435,315.0,108.0,43.0,23.0,119.0,54.0,30.0,113.012695,49.04127,27.101587
156,1,68,0,random class 1,0.73,0.27,2.0265107,1.9538767,1.4880284,0.42289788,-0.88054895,0.2139881,0.71973956,0.18291484,-0.6697142,-0.55057454,-0.4372364,-0.71112025,245.0,5.0,55.0,23.0,14.0,63.0,30.0,8.714286,59.06939,26.832653
157,1,69,0,random class 1,0.77,0.23,3.230863,1.6907936,1.2791752,0.98548627,0.026482603,0.1676769,0.13256851,0.49689844,-0.8576232,0.10603048,-0.8674045,-0.4861758,255.0,17.0,58.0,23.0,32.0,65.0,30.0,24.631372,61.482353,27.15294
158,1,70,0,random class 1,0.6,0.4,2.1206136,1.4215755,1.0519801,-0.3952298,-0.77590513,-0.4916957,-0.67384696,-0.11888291,0.72924423,0.62427855,-0.6195467,0.47585523,132.0,79.0,58.0,23.0,86.0,65.0,30.0,82.318184,61.325756,26.962122
159,1,71,0,random class 1,0.58,0.42,4.7564707,2.0373178,1.4025468,-0.7543884,0.5531448,-0.35345292,0.6563998,0.6306399,-0.4140442,-0.0061248844,-0.5443566,-0.8388316,400.0,60.0,60.0,23.0,75.0,74.0,30.0,67.5625,66.435,27.1325
160,1,72,0,random class 1,0.76,0.24,2.3228624,1.7379696,1.2460383,-0.948751,-0.06697248,-0.30884674,0.19168046,0.65504676,-0.73087096,0.2512573,-0.75261444,-0.6086389,199.0,77.0,68.0,23.0,86.0,75.0,30.0,81.28643,71.26131,27.080402
161,1,73,0,random class 1,0.52,0.48,2.4375756,1.662777,1.4562025,-0.18452433,-0.7242909,-0.6643444,-0.92516065,-0.10012888,0.36613104,0.33170542,-0.6821854,0.65160924,255.0,136.0,71.0,23.0,144.0,81.0,30.0,139.71373,75.83922,26.760784
162,1,74,0,random class 1,0.6,0.4,2.6626124,1.4604942,0.64779866,-0.013979434,0.10313767,-0.9945688,-0.9986072,-0.05204786,0.008638787,0.050874196,-0.99330443,-0.10372162,101.0,147.0,28.0,24.0,150.0,41.0,30.0,148.40594,34.20792,27.346535
163,1,75,0,random class 1,0.52,0.48,2.2824163,1.2732241,1.0934322,0.016702518,0.9994229,-0.0295792,-0.9960235,0.019220375,0.08699297,0.08751129,0.028008575,0.9957697,135.0,121.0,46.0,25.0,128.0,56.0,30.0,124.08889,50.99259,27.8
164,1,76,0,random class 1,0.61,0.39,1.6134827,1.140939,0.9069538,0.81926167,-0.5712682,-0.049628135,0.5686807,0.8205462,-0.057499524,-0.07356983,-0.018884594,-0.99711126,71.0,31.0,67.0,26.0,38.0,73.0,30.0,34.28169,69.35211,28.112677
165,1,77,0,random class 1,0.62,0.38,2.1740506,1.1582648,0.65942085,-0.3191973,0.94712853,0.032566283,0.9476765,0.31883314,0.015961165,0.004734063,0.03595706,-0.99934214,73.0,51.0,29.0,27.0,57.0,38.0,30.0,53.232876,32.575344,28.424658
166,1,78,0,random class 2,0.48,0.52,1.7484896,1.178923,0.65352213,-0.81157404,0.5790301,0.07792125,0.5792697,0.81484425,-0.021805154,0.07611952,-0.027440922,0.996721,60.0,18.0,67.0,27.0,25.0,73.0,30.0,21.466667,69.53333,28.416666
167,1,79,0,random class 1,0.53,0.47,2.714403,2.0731328,0.63283217,-0.4495977,0.8911406,-0.061077166,-0.8925478,-0.445528,0.069737054,0.034933932,0.08586791,0.99569386,136.0,58.0,76.0,27.0,68.0,87.0,30.0,62.27206,80.89706,28.441177
168,1,80,0,random class 1,0.5,0.5,1.173167,0.6235916,0.45117918,-0.99198145,0.09818573,0.07957648,-0.12170829,-0.9118226,-0.39213085,0.03405797,-0.39867166,0.9164611,16.0,5.0,0.0,28.0,10.0,3.0,30.0,7.375,0.5,28.625
169,1,81,0,random class 1,0.5,0.5,1.9116672,0.880736,0.46545327,-0.19735742,0.97398174,0.11139858,-0.9800685,-0.19865885,0.0005951214,0.02270995,-0.10906079,0.9937756,38.0,25.0,22.0,28.0,29.0,30.0,30.0,26.473684,25.657894,28.657894
170,1,82,0,random class 1,0.61,0.39,1.3011433,0.67145705,0.4423549,0.13475563,0.9885267,-0.06823404,0.98970157,-0.13092016,0.05788574,0.048288386,-0.07533176,-0.9959886,18.0,116.0,28.0,28.0,119.0,33.0,30.0,117.166664,29.666666,28.722221
171,1,83,0,random class 1,0.63,0.37,1.6179743,0.83109546,0.48108166,-0.21480615,0.97581875,-0.040448617,0.9766564,0.21465534,-0.008087033,0.0007910327,-0.041241545,-0.9991489,30.0,68.0,41.0,28.0,72.0,48.0,30.0,69.76667,44.266666,28.633333
172,1,84,0,random class 1,0.53,0.47,0.91352963,0.4802206,0.44142023,0.19851261,-0.7467299,-0.6348127,0.97985035,0.16577652,0.11140666,0.022046363,-0.6441371,0.7645923,10.0,0.0,58.0,28.0,2.0,62.0,30.0,0.4,59.7,28.7
173,1,85,0,random class 1,0.62,0.38,2.8402028,0.5728838,0.28731993,0.0039305785,0.9983312,0.057613663,0.9995766,-0.005583387,0.02855495,0.028828977,0.057477035,-0.9979305,20.0,80.0,77.0,28.0,83.0,88.0,30.0,81.15,80.8,28.9
174,1,86,0,random class 1,0.6,0.4,2.207622,1.6485537,0.48706427,0.98982495,-0.14108212,-0.018502878,0.14095773,0.98998433,-0.007869095,-0.019427748,-0.005180903,-0.9997978,86.0,95.0,79.0,28.0,104.0,87.0,30.0,99.27907,82.46512,28.60465
175,2,1,0,random class 1,0.62,0.38,3.466535,1.3187402,1.1571836,0.32376662,0.4067916,-0.8542223,-0.19105741,-0.8561432,-0.48012075,0.9266457,-0.31865257,0.19947003,198.0,59.0,0.0,0.0,67.0,7.0,12.0,63.075756,1.7575758,4.1313133
176,2,2,0,random class 1,0.69,0.31,1.4778653,1.0121866,0.46396953,-0.99893486,0.0067398828,0.04564747,-0.04614224,-0.14365168,-0.98855203,0.00010538912,0.98960537,-0.14380968,34.0,76.0,0.0,0.0,82.0,2.0,4.0,78.76471,0.38235295,1.1470588
177,2,3,0,random class 1,0.68,0.32,1.5901015,1.2910317,1.1645685,0.8501692,0.075662926,-0.52104455,-0.5116288,-0.11489398,-0.8514901,0.124291115,-0.99049205,0.05896799,104.0,90.0,0.0,0.0,96.0,5.0,6.0,92.71154,1.9230769,1.6153846
178,2,4,0,random class 1,0.69,0.31,2.3663654,0.82887363,0.46150368,0.09829345,0.9934618,-0.058069512,-0.019475317,-0.056420576,-0.9982171,0.99496686,-0.09924913,-0.01380221,41.0,100.0,0.0,0.0,104.0,2.0,9.0,101.731705,0.31707317,3.2439024
179,2,5,0,random class 1,0.5,0.5,3.5467856,1.0692655,0.9259355,-0.028723003,0.90756977,0.41891783,-0.18724,-0.41655764,0.8896184,0.9818942,-0.052885663,0.18189815,129.0,134.0,0.0,0.0,138.0,5.0,13.0,135.48837,1.1240311,4.387597
180,2,6,0,random class 1,0.53,0.47,3.32294,2.06057,1.274036,0.05901491,-0.039050743,-0.99749297,-0.26440886,-0.9641574,0.022102408,0.96260333,-0.2624416,0.067225024,391.0,51.0,0.0,0.0,56.0,9.0,14.0,53.112534,3.337596,5.506394
181,2,7,0,random class 1,0.53,0.47,1.4686329,1.2597277,0.7181962,-0.17375201,0.11793391,-0.9777023,0.55587727,0.83126307,0.0014823629,-0.8129026,0.54322493,0.2099904,54.0,147.0,1.0,0.0,150.0,7.0,6.0,148.22223,3.574074,1.4814814
182,2,8,0,random class 2,0.44,0.56,1.7571576,1.7178665,1.2715163,0.012101639,0.14053196,0.99000216,0.09342324,-0.98590285,0.13880806,-0.99555296,-0.09080941,0.02505999,172.0,28.0,1.0,0.0,34.0,9.0,7.0,30.139534,4.354651,2.5406976
183,2,9,0,random class 1,0.54,0.46,4.4519005,1.3727442,0.8706429,-0.23296975,-0.41758347,-0.87826484,-0.3660109,-0.7990589,0.47701243,0.90097785,-0.432584,-0.033316452,193.0,120.0,0.0,0.0,127.0,9.0,16.0,122.544044,2.8549223,5.284974
184,2,10,0,random class 1,0.67,0.33,4.221959,1.3190616,0.81490624,-0.08634655,0.81497127,-0.5730324,0.06071715,-0.56980664,-0.8195327,0.99441326,0.10555671,0.00028189606,105.0,109.0,3.0,0.0,115.0,8.0,13.0,111.47619,5.2380953,4.8
185,2,11,0,random class 1,0.55,0.45,2.1809762,1.5785588,1.3137184,-0.371865,-0.45424882,-0.809552,-0.9128162,0.020383783,0.4078615,0.16876887,-0.8906416,0.4222257,197.0,40.0,4.0,0.0,47.0,13.0,6.0,42.588833,7.6700506,2.0812182
186,2,12,0,random class 2,0.48,0.52,5.3941474,1.3543158,1.1894305,-0.01199956,-0.23306635,-0.9723868,-0.21083501,-0.9500047,0.23030348,0.977448,-0.20777673,0.03773891,344.0,68.0,1.0,0.0,74.0,11.0,20.0,70.32849,5.8226743,8.377907
187,2,13,0,random class 1,0.64,0.36,4.2779794,1.42365,1.1046088,0.12194435,-0.95300895,0.2773148,-0.3774225,-0.3029352,-0.87509,0.91797704,0.0020474237,-0.39662826,277.0,140.0,3.0,0.0,146.0,12.0,15.0,142.79422,6.7148013,6.8808665
188,2,14,0,random class 2,0.29,0.71,7.1236143,2.7647927,1.3262005,-0.52325517,-0.6149207,-0.5899802,-0.48018956,-0.35918635,0.8002519,0.7040043,-0.7020383,0.107332386,637.0,126.0,3.0,0.0,141.0,18.0,20.0,132.83987,9.858713,7.7488227
189,2,15,0,random class 2,0.37,0.63,3.038409,2.622555,0.73214203,0.28178144,-0.03322601,0.95890313,-0.89845604,-0.3598606,0.2515494,0.33671346,-0.9324143,-0.13125415,217.0,100.0,8.0,0.0,106.0,19.0,11.0,103.207375,12.6728115,4.829493
190,2,16,0,random class 2,0.49,0.51,4.152737,1.9786501,0.8805944,0.1544148,0.053514324,-0.98655576,-0.41336447,-0.9034384,-0.113705166,0.89737725,-0.42536485,0.117383346,287.0,95.0,6.0,0.0,101.0,16.0,16.0,97.38328,10.484321,7.641115
191,2,17,0,random class 2,0.49,0.51,4.069825,2.8034234,1.3383247,0.5969902,0.7433477,0.3017232,0.080732316,0.31852192,-0.9444713,0.79817605,-0.58819896,-0.13014229,576.0,10.0,8.0,0.0,23.0,16.0,17.0,15.972222,11.479167,8.204861
192,2,18,0,random class 1,0.66,0.34,3.8305945,1.5920659,1.0674263,0.3008987,-0.87180233,0.38654965,-0.19366978,-0.45275003,-0.8703502,0.9337837,0.18702424,-0.30507368,255.0,57.0,10.0,0.0,65.0,17.0,14.0,60.75294,12.243137,5.4235296
193,2,19,0,random class 1,0.52,0.48,3.2141268,0.756175,0.4724025,0.36900494,0.914268,-0.16718064,-0.9292632,0.3663036,-0.047870684,0.017472235,0.17301935,0.98476344,39.0,81.0,11.0,0.0,87.0,21.0,2.0,83.48718,14.769231,0.3846154
194,2,20,0,random class 1,0.53,0.47,3.5243495,1.7897785,0.9825459,-0.26460695,0.18600051,-0.9462489,-0.39606506,-0.9156094,-0.06922308,0.87926996,-0.3564592,-0.3159449,216.0,120.0,11.0,0.0,126.0,21.0,12.0,122.25,13.981482,4.013889
195,2,21,0,random class 2,0.17,0.83,8.431092,2.7157264,2.1526802,-0.14269763,0.48615453,0.86214334,0.00065038254,-0.8710112,0.49126267,0.9897661,0.070662744,0.12397506,1307.0,61.0,13.0,0.0,74.0,25.0,30.0,68.1492,18.498087,16.360367
196,2,22,0,random class 1,0.61,0.39,3.8175204,1.4181577,1.1517042,-0.21972582,0.18383443,-0.9580843,-0.5339991,-0.8445579,-0.039584663,0.8164347,-0.5029183,-0.28373858,151.0,128.0,16.0,0.0,134.0,26.0,11.0,130.59602,19.748344,3.3377483
197,2,23,0,random class 1,0.66,0.34,2.177594,1.7603642,1.5891056,-0.046991646,0.8028723,-0.5942961,0.08371586,-0.5896948,-0.8032756,0.99538106,0.08749925,0.03950242,281.0,39.0,18.0,0.0,46.0,26.0,10.0,41.775803,21.622776,3.9395018
198,2,24,0,random class 2,0.35,0.65,4.4216237,2.546497,2.259728,-0.13120516,0.5613691,0.8170985,-0.10696471,-0.82742834,0.5512902,0.98556775,-0.015068585,0.16860954,1069.0,48.0,19.0,0.0,60.0,30.0,18.0,53.59869,23.665108,7.7362022
199,2,25,0,random class 2,0.21,0.79,7.70797,2.9380598,1.8908956,-0.1099868,-0.061196942,-0.9920473,-0.25045747,-0.96418834,0.08724623,0.96185964,-0.2580616,-0.09072076,1165.0,134.0,17.0,0.0,145.0,32.0,28.0,139.66266,25.260944,14.40515
200,2,26,0,random class 2,0.23,0.77,7.546296,3.0959728,2.0236402,-0.31285784,0.30644625,-0.89900535,0.14587858,-0.9197867,-0.36429644,0.93853045,0.24511863,-0.24305853,1459.0,109.0,22.0,0.0,123.0,37.0,27.0,114.57505,28.556545,13.940371
201,2,27,0,random class 2,0.42,0.58,4.4999123,2.329217,0.97144574,0.15152399,0.49271712,-0.85689574,-0.16844597,0.8670963,0.46879634,0.9739951,0.07330675,0.2143821,409.0,73.0,28.0,0.0,80.0,38.0,18.0,75.49878,32.129585,8.0366745
202,2,28,0,random class 1,0.62,0.38,1.9984119,1.7020513,1.1751875,-0.49359944,-0.86500716,-0.09012315,0.8518615,-0.50175273,0.15025386,0.1751902,0.002607214,-0.98453116,176.0,104.0,34.0,0.0,112.0,42.0,5.0,107.13636,38.022728,1.4318181
203,2,29,0,random class 2,0.37,0.63,5.7776766,2.3987646,1.8221414,0.026226152,-0.5737997,-0.8185756,-0.7968019,-0.5064896,0.32950717,0.6036712,-0.64360094,0.47048798,933.0,121.0,27.0,0.0,130.0,47.0,18.0,125.648445,36.89282,6.273312
204,2,30,0,random class 2,0.42,0.58,6.0671654,2.3080745,0.7803394,0.01395222,-0.023578735,-0.9996246,-0.5486575,-0.8359602,0.012060422,0.8359308,-0.5482833,0.02460015,458.0,146.0,29.0,0.0,150.0,47.0,21.0,148.17905,37.528385,8.032751
205,2,31,0,random class 1,0.65,0.35,3.3515282,1.7350045,1.6259542,-0.12064123,0.9497353,0.2888747,-0.00017885338,0.2909793,-0.95672935,0.99269617,0.115472674,0.034934238,433.0,66.0,40.0,0.0,75.0,47.0,14.0,70.17321,43.08083,6.4665127
206,2,32,0,random class 2,0.2,0.8,4.978283,3.176923,1.6474446,0.15610287,-0.051523656,-0.9863961,0.93846995,-0.30373055,0.16438343,0.30806825,0.9513638,-0.00094019494,1106.0,92.0,38.0,0.0,101.0,59.0,17.0,95.66546,48.636528,7.839964
207,2,33,0,random class 2,0.46,0.54,3.150621,1.9514766,1.6902882,0.08640406,0.52766156,0.8450489,0.18902554,-0.8414963,0.5061159,0.9781634,0.11600534,-0.17245021,482.0,22.0,18.0,2.0,30.0,26.0,15.0,25.340248,21.676348,8.085062
208,2,34,0,random class 2,0.28,0.72,4.5468464,2.8585079,1.848039,-0.17851931,-0.4517774,-0.874087,-0.63188964,-0.6283144,0.45380235,0.75421906,-0.633339,0.1733072,962.0,77.0,16.0,4.0,89.0,32.0,22.0,82.48856,23.45842,13.875259
209,2,35,0,random class 1,0.59,0.41,2.966806,0.96501136,0.58123475,-0.15244901,-0.7266129,-0.66992015,-0.47837755,-0.5388943,0.69335985,0.86482036,-0.4261768,0.2654414,71.0,144.0,13.0,5.0,149.0,19.0,16.0,145.64789,15.492958,10.112676
210,2,36,0,random class 2,0.36,0.64,6.2847095,2.27454,1.9248086,0.1993219,0.5202372,-0.83043605,-0.3155586,0.8363755,0.44821742,0.9277357,0.1727117,0.33087328,1101.0,26.0,24.0,5.0,38.0,39.0,30.0,32.448685,31.662125,16.752043
211,2,37,0,random class 2,0.15,0.85,4.9569182,3.2126484,1.5290979,0.30943674,0.1618913,-0.93703794,-0.35929576,-0.89244956,-0.27283755,0.88042915,-0.42109972,0.21798985,965.0,58.0,29.0,5.0,68.0,46.0,25.0,62.472538,36.364765,15.14715
212,2,38,0,random class 2,0.19,0.81,4.7458043,3.6412673,1.3614212,-0.13654414,-0.2098088,-0.9681611,0.07487372,0.97233343,-0.22127275,0.9878004,-0.102703325,-0.11705727,874.0,133.0,42.0,5.0,140.0,59.0,25.0,136.41075,51.240276,14.868421
213,2,39,0,random class 2,0.19,0.81,5.087374,2.8738005,1.5433183,0.21444185,0.018556073,-0.9765605,-0.7463526,-0.6418343,-0.17608654,0.6300575,-0.7666188,0.12378677,911.0,117.0,38.0,6.0,126.0,57.0,25.0,120.913284,47.315037,15.016465
214,2,40,0,random class 1,0.53,0.47,3.260163,1.1352335,0.85992396,-0.00014743418,0.71775836,0.6962923,-0.0097094895,-0.6962605,0.7177235,0.99995285,-0.006654826,0.0070717195,140.0,0.0,0.0,7.0,4.0,4.0,20.0,1.1428572,1.1214286,12.828571
215,2,41,0,random class 2,0.37,0.63,5.830251,2.3472555,2.1352656,-0.05792093,0.9748436,0.21523269,-0.64938134,-0.20054038,0.73354447,0.75825393,-0.0972805,0.6446607,793.0,93.0,12.0,7.0,106.0,28.0,30.0,99.17403,19.503153,15.518285
216,2,42,0,random class 2,0.18,0.82,6.650041,3.5651855,1.6258838,0.050353624,0.09122032,-0.99455684,0.79287064,-0.6091869,-0.015731942,0.60730606,0.7877628,0.10300068,1349.0,13.0,29.0,10.0,21.0,54.0,30.0,16.769459,40.48777,19.508524
217,2,43,0,random class 2,0.17,0.83,5.1789618,3.4495304,1.5035322,0.0787542,0.1012804,-0.9917359,-0.7736223,-0.62122035,-0.124875434,0.62873393,-0.7770634,-0.029429054,1088.0,41.0,30.0,10.0,49.0,50.0,30.0,44.192097,39.454044,18.818933
218,2,44,0,random class 2,0.26,0.74,4.6416836,4.4014053,1.0559006,-0.101980515,-0.05533981,-0.99324596,-0.5837798,-0.8051203,0.10479718,0.8054819,-0.5905242,-0.049800318,722.0,102.0,33.0,10.0,108.0,53.0,30.0,103.95845,43.616344,17.736841
219,2,45,0,random class 1,0.5,0.5,2.8163748,2.3138149,1.17745,-0.09861971,0.19425258,0.9759816,-0.9925012,0.051975697,-0.11063384,-0.07221823,-0.9795736,0.1876701,325.0,82.0,0.0,12.0,89.0,11.0,22.0,84.92,5.086154,17.184616
220,2,46,0,random class 2,0.33,0.67,4.428232,3.1291392,1.8635011,0.64825594,0.47868058,-0.5921395,-0.44503435,-0.39281744,-0.80476016,0.61782575,-0.78521293,0.041616943,949.0,0.0,3.0,12.0,16.0,16.0,29.0,6.821918,9.754478,21.214964
221,2,47,0,random class 2,0.36,0.64,4.5096316,2.5515099,2.0130002,0.12011727,0.9913732,-0.05245032,-0.42006305,0.09862412,0.90211993,0.8995104,-0.08632774,0.4282857,904.0,3.0,18.0,12.0,15.0,30.0,30.0,7.4469028,23.238937,21.362831
222,2,48,0,random class 1,0.64,0.36,2.542646,2.1100407,1.6683419,0.27926362,-0.9582809,0.060906004,-0.4229311,-0.17970079,-0.88816494,0.8620563,0.2222731,-0.45547068,404.0,64.0,55.0,12.0,73.0,63.0,24.0,67.89604,59.081684,17.915842
223,2,49,0,random class 2,0.37,0.63,4.7409472,2.1463714,1.7203408,-0.024810806,0.9933477,-0.11244898,-0.5460807,0.080751985,0.8338315,0.8373651,0.08209425,0.5404445,738.0,121.0,10.0,13.0,131.0,23.0,30.0,125.44987,16.193768,22.47019
224,2,50,0,random class 2,0.18,0.82,4.3314414,3.702522,1.6242675,-0.08073859,0.20993763,-0.9743754,-0.99383205,0.05760293,0.094761856,0.07602096,0.97601646,0.20399196,1043.0,24.0,40.0,13.0,34.0,59.0,30.0,28.692234,48.900288,20.861937
225,2,51,0,random class 2,0.21,0.79,4.4823923,3.2652647,0.91640747,0.071859546,-0.09221549,-0.9931427,-0.9540446,-0.29678088,-0.04147381,0.29092124,-0.9504827,0.10930423,464.0,89.0,34.0,14.0,95.0,52.0,30.0,91.586205,44.517242,23.782328
226,2,52,0,random class 1,0.51,0.49,3.8872442,1.6677428,1.397526,-0.14351542,-0.25963497,-0.95498323,-0.23386827,-0.9287437,0.28764698,0.9616179,-0.26462206,-0.07256867,372.0,140.0,50.0,14.0,147.0,59.0,30.0,143.45161,54.948925,23.787634
227,2,53,0,random class 2,0.47,0.53,5.058116,1.4655398,1.258606,0.19020553,0.9802869,0.053474203,-0.47840846,0.044986725,0.87698436,0.8572906,-0.19238979,0.47753423,342.0,127.0,57.0,14.0,135.0,68.0,30.0,130.85672,62.154972,21.511696
228,2,54,0,random class 1,0.57,0.43,4.703157,1.6221659,1.3128407,-0.13350953,0.19193693,-0.9722836,-0.61060584,-0.78866905,-0.07184428,0.7805996,-0.5840902,-0.22249264,411.0,101.0,53.0,15.0,109.0,66.0,30.0,104.649635,58.9854,21.885645
229,2,55,0,random class 2,0.17,0.83,4.127411,3.1082456,1.7055587,0.19324885,0.055688087,-0.9795681,0.9670403,-0.17951842,0.18057181,0.16579482,0.98217714,0.088544354,826.0,0.0,30.0,16.0,9.0,48.0,30.0,3.894673,39.285713,23.366829
230,2,56,0,random class 2,0.19,0.81,4.2419157,3.300102,1.0720474,0.09541792,0.102168605,-0.9901803,-0.9769407,-0.18125421,-0.11284423,0.19100347,-0.9781148,-0.082517765,579.0,130.0,27.0,16.0,136.0,45.0,30.0,132.23834,36.207253,24.27461
231,2,57,0,random class 2,0.49,0.51,3.7771158,1.7402606,0.8755092,0.062448468,0.9916446,-0.112876415,-0.40860143,0.12858713,0.9036096,0.910574,-0.010307564,0.41321748,217.0,140.0,62.0,16.0,150.0,70.0,30.0,143.33641,65.741936,22.649769
232,2,58,0,random class 2,0.41,0.59,3.8464322,3.3289704,1.2914194,0.68466926,-0.5608841,-0.4654428,-0.005959901,0.6342658,-0.7730921,-0.7288295,-0.5320864,-0.43091947,457.0,80.0,55.0,17.0,94.0,66.0,30.0,87.148796,59.853394,24.55361
233,2,59,0,random class 2,0.16,0.84,4.461001,2.6468954,1.5258006,0.25803053,-0.079600066,-0.96285206,-0.9591093,-0.14108868,-0.24536358,0.116316564,-0.9867917,0.11275036,618.0,50.0,38.0,18.0,59.0,56.0,30.0,53.244335,47.755665,25.648867
234,2,60,0,random class 2,0.28,0.72,4.453639,2.619971,1.1638687,-0.20106329,0.017021343,-0.9794304,-0.9362927,-0.29727325,0.18704149,0.28797477,-0.9546407,-0.075707704,453.0,35.0,40.0,18.0,42.0,58.0,30.0,38.13466,50.518764,25.578367
235,2,61,0,random class 1,0.59,0.41,3.5625916,2.2508807,2.0482666,-0.6995042,0.39804655,-0.5935089,0.68073696,0.11841474,-0.7228936,0.21746509,0.90969056,0.3537966,455.0,90.0,64.0,19.0,104.0,76.0,30.0,95.8989,69.16923,24.857143
236,2,62,0,random class 1,0.51,0.49,3.3093903,1.6679356,1.4912841,-0.045990642,0.9934226,0.10486323,-0.65183663,-0.10939022,0.75042844,0.7569636,-0.033841003,0.6525802,338.0,129.0,64.0,19.0,136.0,75.0,30.0,131.78995,70.04142,25.281065
237,2,63,0,random class 1,0.62,0.38,2.7417786,2.2270622,1.9865651,0.9648152,0.10099785,-0.24275728,-0.24649183,0.0261147,-0.968793,0.09150647,-0.99454385,-0.050091006,516.0,26.0,2.0,20.0,39.0,11.0,30.0,32.3469,6.641473,25.501938
238,2,64,0,random class 2,0.36,0.64,3.7893445,2.5413313,1.2979474,0.24435304,-0.017259924,-0.9695327,-0.9593515,-0.14988984,-0.23911867,0.14119594,-0.98855203,0.053184375,503.0,80.0,34.0,20.0,88.0,50.0,30.0,83.021866,41.934395,25.461233
239,2,65,0,random class 1,0.87,0.13,3.0204,1.8465313,1.4014634,-0.15808912,-0.8604131,0.48445556,-0.7085326,-0.24287456,-0.6625659,0.6877423,-0.44799697,-0.5712348,291.0,115.0,60.0,20.0,123.0,70.0,30.0,118.869415,65.69072,26.09622
240,2,66,0,random class 1,0.59,0.41,3.5290506,2.1819477,1.4059641,-0.95209026,0.07304319,0.29696614,-0.19994526,0.5860848,-0.785192,0.23140027,0.8069506,0.543401,362.0,46.0,4.0,21.0,59.0,14.0,30.0,51.803867,7.8756905,26.292818
241,2,67,0,random class 2,0.47,0.53,3.4343333,2.0781307,1.3085458,-0.9865244,-0.020863203,-0.16227871,-0.13994145,-0.4062872,0.9029657,-0.084770516,0.9135072,0.3978926,388.0,40.0,60.0,21.0,55.0,67.0,30.0,46.226803,63.015465,26.319588
242,2,68,0,random class 2,0.48,0.52,2.8495595,2.1756384,1.0343919,-0.95624346,0.2913425,-0.026795972,-0.16976185,-0.47792482,0.86184037,0.23828426,0.82867813,0.50647134,262.0,110.0,71.0,22.0,121.0,78.0,30.0,115.23283,74.76717,26.133587
243,2,69,0,random class 1,0.6,0.4,2.670096,1.7057339,0.58525395,-0.028103078,0.10179568,-0.9944083,-0.9825074,-0.18601908,0.008724327,0.18409081,-0.9772587,-0.10524272,111.0,147.0,30.0,23.0,150.0,41.0,30.0,148.45946,35.423424,26.945946
244,2,70,0,random class 1,0.78,0.22,2.4181576,1.9885708,1.4493337,0.5400916,-0.84102887,-0.03117041,-0.69061214,-0.42172137,-0.5875423,0.48099482,0.3388533,-0.80859286,285.0,109.0,45.0,23.0,119.0,55.0,30.0,112.97895,50.014034,26.807018
245,2,71,0,random class 1,0.73,0.27,3.0600116,1.5635109,1.2215508,0.954346,0.061617274,0.29227903,0.23459466,0.45109177,-0.8610932,0.18490289,-0.89034796,-0.41604254,232.0,21.0,59.0,23.0,33.0,67.0,30.0,25.943966,62.46121,27.163794
246,2,72,0,random class 2,0.39,0.61,5.085421,2.0352733,1.3738736,-0.80087316,-0.5132505,0.3085061,0.5977445,-0.7162281,0.36016488,0.036105942,0.47285423,0.8804006,381.0,60.0,61.0,23.0,76.0,74.0,30.0,68.2231,66.86877,27.183727
247,2,73,0,random class 1,0.76,0.24,2.079473,1.6801014,1.2969496,-0.9310234,0.02178255,-0.36430886,0.22865118,0.81283695,-0.5357375,0.284454,-0.5820838,-0.7617508,186.0,77.0,68.0,23.0,86.0,75.0,30.0,81.92473,71.2957,27.225807
248,2,74,0,random class 1,0.74,0.26,2.1130846,1.784681,1.1900902,0.018309109,-0.97513974,0.2208332,0.82480085,-0.11010974,-0.55459845,-0.56512684,-0.19229761,-0.80228007,191.0,137.0,71.0,23.0,145.0,80.0,30.0,140.59686,75.780106,26.874346
249,2,75,0,random class 1,0.66,0.34,1.6233066,1.4264861,0.5600342,-0.08579087,-0.105547324,-0.9907067,0.8433493,-0.5371333,-0.015805583,0.5304733,0.83686775,-0.13509439,59.0,142.0,43.0,24.0,145.0,49.0,30.0,143.45763,45.33898,27.118645
250,2,76,0,random class 2,0.35,0.65,2.0729797,1.6210726,1.5501816,-0.9379096,-0.31776097,0.13911688,0.3451991,-0.8155836,0.46439314,-0.034104567,0.4835818,0.8746345,227.0,5.0,56.0,24.0,14.0,63.0,30.0,8.977974,59.202644,26.982378
251,2,77,0,random class 1,0.51,0.49,1.8880726,1.32208,1.056905,0.087270744,0.9936934,0.07040764,-0.9732285,0.06996104,0.21893302,0.2126265,-0.08762917,0.9731963,109.0,122.0,48.0,25.0,129.0,56.0,30.0,125.17431,52.25688,27.844036
252,2,78,0,random class 1,0.58,0.42,1.6138058,1.0924467,0.8670507,-0.94071686,-0.32166407,-0.10762884,-0.3190642,0.9468443,-0.041036453,0.1151077,-0.0042631747,-0.9933439,65.0,32.0,68.0,26.0,39.0,73.0,30.0,34.8,69.95385,28.153847
253,2,79,0,random class 1,0.53,0.47,0.91765743,0.6364778,0.4693148,0.08103833,-0.2584404,-0.9626221,-0.9844999,-0.17147169,-0.03684417,0.15554042,-0.9506871,0.2683303,13.0,0.0,59.0,27.0,2.0,63.0,30.0,0.3846154,60.307693,28.461538
254,2,80,0,random class 1,0.51,0.49,2.0754752,0.99851817,0.6505998,0.99561536,0.061462376,-0.070515335,-0.054184753,0.99342555,0.100845024,0.076249905,-0.096582,0.99240005,57.0,45.0,67.0,27.0,54.0,72.0,30.0,47.929825,69.26316,28.40351
255,2,81,0,random class 1,0.59,0.41,2.4767613,1.5747449,0.52060884,-0.811344,-0.582442,0.049822036,-0.58453417,0.8074142,-0.08001328,0.006376078,-0.09404098,-0.9955479,88.0,59.0,76.0,27.0,69.0,84.0,30.0,63.420456,79.61364,28.568182
256,2,82,0,random class 1,0.63,0.37,1.0801234,0.5,0.44095856,-1.0,-3.2829205e-16,2.4224285e-16,6.084599e-17,-0.70710677,-0.70710677,4.034291e-16,-0.70710677,0.70710677,12.0,6.0,0.0,28.0,11.0,2.0,30.0,8.0,0.33333334,28.666666
257,2,83,0,random class 1,0.64,0.36,2.5247478,1.2441891,0.48146713,-0.13982339,-0.9881358,-0.0635378,-0.990119,0.13883586,0.019722275,-0.01066696,0.06566762,-0.99778455,69.0,24.0,22.0,28.0,30.0,33.0,30.0,26.434782,26.492754,28.608696
258,2,84,0,random class 1,0.51,0.49,1.9795817,0.88443625,0.47199425,0.04594015,0.98591125,0.16083695,-0.9986036,0.04112122,0.033164814,0.026083753,-0.16213596,0.9864236,40.0,51.0,28.0,28.0,55.0,36.0,30.0,52.975,32.125,28.6
259,2,85,0,random class 1,0.54,0.46,1.6846644,0.9589279,0.48828125,0.7826548,0.6192592,-0.063004434,-0.6204564,0.7842406,0.0007140537,0.04985282,0.038532645,0.998013,39.0,19.0,68.0,28.0,25.0,73.0,30.0,21.564102,70.333336,28.564102
260,2,86,0,random class 2,0.45,0.55,1.8311831,1.1914492,0.47414914,0.8919387,0.450023,0.043871168,0.45028716,-0.8928738,0.0042216103,-0.04107124,-0.015989207,0.99902827,50.0,97.0,80.0,28.0,104.0,86.0,30.0,100.38,82.22,28.64
261,3,1,0,random class 1,0.52,0.48,3.8382387,1.2711618,1.1111006,0.20271882,0.33622372,-0.91970575,-0.15600395,-0.91612256,-0.3692997,0.9667305,-0.21834174,0.13326305,209.0,59.0,0.0,0.0,67.0,7.0,13.0,63.19617,1.799043,5.488038
262,3,2,0,random class 1,0.73,0.27,1.6782783,1.1754873,0.4772294,0.98371935,0.17939004,0.010746099,-0.005456959,0.08958605,-0.9959641,0.17962874,-0.97969055,-0.089106455,44.0,75.0,0.0,0.0,82.0,2.0,5.0,78.34091,0.38636363,1.3863636
263,3,3,0,random class 1,0.61,0.39,1.70346,1.4258984,1.332813,-0.39834917,-0.4626059,-0.7920314,-0.5358947,-0.58341324,0.61028343,0.74440235,-0.6675513,0.015505858,138.0,91.0,0.0,0.0,97.0,6.0,6.0,93.108696,2.152174,2.0072465
264,3,4,0,random class 1,0.55,0.45,1.9776733,0.75108826,0.6016445,0.03994209,0.99842846,-0.039309368,-0.08461692,0.0425793,0.99550337,0.9956127,-0.03643625,0.08618465,42.0,101.0,0.0,0.0,104.0,3.0,8.0,102.04762,0.5714286,2.6904762
265,3,5,0,random class 1,0.69,0.31,3.7027664,1.2029932,0.9160912,-0.050217878,-0.9620631,-0.26816562,-0.16173577,0.27279395,-0.9483802,0.9855555,-0.0042536687,-0.16929914,139.0,133.0,0.0,0.0,138.0,5.0,13.0,135.10791,1.0431654,4.5467625
266,3,6,0,random class 1,0.57,0.43,2.2370915,1.7891092,1.2268093,0.19930848,-0.2889632,-0.9363634,-0.628112,-0.77110535,0.10426828,0.7521645,-0.56735957,0.33518907,223.0,28.0,0.0,0.0,35.0,8.0,8.0,31.089685,3.4215248,3.3004484
267,3,7,0,random class 1,0.5,0.5,4.3715043,1.4896419,0.8893609,-0.20633145,-0.20091788,-0.9576321,-0.32676825,-0.90835536,0.26098478,0.92230684,-0.36677313,-0.1217687,218.0,120.0,0.0,0.0,126.0,9.0,16.0,122.417435,2.559633,5.2201834
268,3,8,0,random class 2,0.48,0.52,3.7110224,1.8088344,1.3614268,0.12822369,0.085970916,-0.988012,-0.242508,-0.96327454,-0.11529098,0.96163845,-0.25438383,0.10266598,396.0,51.0,0.0,0.0,58.0,9.0,15.0,53.742424,3.909091,6.0555553
269,3,9,0,random class 1,0.55,0.45,1.459126,0.9939372,0.58523464,0.14876044,0.19900978,-0.96864104,-0.15381522,0.97227454,0.17613389,0.97683734,0.12278999,0.17524672,37.0,147.0,2.0,0.0,150.0,6.0,6.0,148.43243,3.2432432,1.6756756
270,3,10,0,random class 1,0.62,0.38,2.4395251,1.8967632,1.1785058,-0.049750596,-0.47848392,-0.8766858,-0.6199502,-0.67340857,0.40271902,0.78306234,-0.56353706,0.2631337,233.0,41.0,3.0,0.0,47.0,13.0,9.0,43.472103,7.248927,2.9785407
271,3,11,0,random class 1,0.66,0.34,3.5320613,1.7637973,0.9140059,0.072345704,0.68150514,-0.72822857,-0.07092563,-0.72477806,-0.6853221,0.99485457,-0.101230174,0.0040983944,205.0,109.0,3.0,0.0,116.0,9.0,13.0,112.346344,5.2487803,6.414634
272,3,12,0,random class 2,0.49,0.51,6.0939927,1.389613,1.2182684,-0.047577474,-0.44695407,-0.8932908,-0.30527636,-0.8450072,0.43905488,0.9510745,-0.29358968,0.096241206,356.0,68.0,0.0,0.0,74.0,11.0,21.0,70.05618,5.578652,9.522472
273,3,13,0,random class 2,0.49,0.51,4.014123,1.792909,1.1514589,0.15635984,0.96272165,-0.22072285,-0.2828101,0.25775346,0.9238948,0.9463456,-0.0820374,0.3125697,335.0,138.0,4.0,0.0,146.0,12.0,14.0,141.93732,7.1402984,5.6208954
274,3,14,0,random class 2,0.16,0.84,7.7423053,6.382716,1.4555935,-0.8951326,-0.06482608,-0.44106144,-0.3868742,-0.37863642,0.84081084,-0.22150838,0.9232725,0.31385028,868.0,127.0,2.0,0.0,150.0,18.0,23.0,136.07834,10.302996,9.770738
275,3,15,0,random class 2,0.38,0.62,3.2088885,2.7873402,0.8837082,0.2656435,0.18305641,-0.94653255,-0.6095357,-0.7287775,-0.31200892,0.74692684,-0.65982854,0.082015574,316.0,100.0,8.0,0.0,107.0,20.0,12.0,103.05696,12.63924,5.060127
276,3,16,0,random class 1,0.64,0.36,3.973535,1.8299872,1.2664226,0.31180593,-0.8589307,0.40622053,-0.18602872,-0.47444803,-0.86040246,0.9317566,0.19270991,-0.3077215,361.0,57.0,9.0,0.0,66.0,17.0,14.0,61.03324,12.526316,6.127424
277,3,17,0,random class 2,0.49,0.51,4.589276,1.7097659,0.85066533,0.1329133,0.10689543,-0.9853463,-0.41159573,-0.89843416,-0.15298687,0.9016224,-0.4258983,0.075416155,267.0,95.0,6.0,0.0,100.0,16.0,18.0,97.10861,10.292135,8.172285
278,3,18,0,random class 1,0.55,0.45,3.6210403,1.6096112,1.1487693,-0.27158606,0.14721349,-0.9510884,-0.32649824,-0.9437197,-0.052840404,0.90533966,-0.29617798,-0.30436602,263.0,119.0,10.0,0.0,126.0,20.0,13.0,121.86312,13.09886,4.3574142
279,3,19,0,random class 1,0.58,0.42,3.0490718,1.0425888,0.77401173,-0.80217284,0.59632874,0.030179195,0.5969609,0.799913,0.06145619,0.012507361,0.06731428,-0.9976534,98.0,78.0,12.0,0.0,89.0,20.0,4.0,82.65306,15.22449,0.7755102
280,3,20,0,random class 1,0.52,0.48,3.7389097,3.254383,1.2477504,0.6801264,0.7122985,0.17337508,0.014496403,0.22338377,-0.9746228,0.7329515,-0.66538,-0.14160343,580.0,10.0,10.0,0.0,25.0,17.0,17.0,16.806896,13.006897,8.065517
281,3,21,0,random class 2,0.33,0.67,9.632699,2.1069436,1.795367,-0.2214713,0.21884742,0.9502927,-0.21930951,-0.96070683,0.17013438,0.9501862,-0.17072836,0.2607643,898.0,122.0,9.0,0.0,134.0,26.0,30.0,126.917595,16.324053,17.846325
282,3,22,0,random class 1,0.56,0.44,2.3671668,2.0607603,1.3361648,-0.20150045,-0.007616123,-0.9794588,0.41257063,-0.9075955,-0.0778193,0.8883597,0.41977656,-0.18602309,297.0,38.0,16.0,0.0,44.0,25.0,10.0,40.299664,19.811447,3.7340066
283,3,23,0,random class 2,0.43,0.57,5.605414,1.6364362,1.307836,0.08348275,-0.12869401,-0.9881642,-0.45680073,-0.88624513,0.07682879,0.8856431,-0.44498026,0.1327737,505.0,67.0,12.0,0.0,74.0,25.0,20.0,70.233665,18.037624,8.065347
284,3,24,0,random class 2,0.23,0.77,4.2775426,2.8416336,2.163126,0.08230662,0.84828603,0.5231027,0.013000714,-0.52575284,0.850538,0.99652225,-0.0632042,-0.054301266,1121.0,47.0,18.0,0.0,59.0,29.0,18.0,52.711864,23.487957,7.5388045
285,3,25,0,random class 2,0.18,0.82,7.422941,3.1245794,1.738572,-0.14744708,-0.09071319,-0.98490125,-0.20437375,-0.9715006,0.12007521,0.9677245,-0.2189927,-0.12470552,1115.0,135.0,17.0,0.0,145.0,33.0,26.0,139.73633,24.92556,13.683408
286,3,26,0,random class 2,0.36,0.64,7.510313,2.8808734,2.056102,-0.28160608,0.42732188,-0.859124,0.16349448,-0.860897,-0.48179445,0.9454986,0.27613828,-0.17256907,1447.0,109.0,21.0,0.0,123.0,35.0,27.0,114.767105,27.95646,13.832757
287,3,27,0,random class 2,0.36,0.64,4.6097884,2.3741183,1.0214771,0.06244986,-0.51132154,-0.8571174,-0.25899807,-0.83767575,0.48085272,0.9638568,-0.19196258,0.18474403,453.0,72.0,28.0,0.0,80.0,39.0,18.0,75.30685,32.73289,7.7395144
288,3,28,0,random class 1,0.63,0.37,2.1213567,1.795043,1.1452401,-0.43670827,-0.8993818,-0.01995553,0.89868516,-0.43715715,0.03547608,0.040630247,0.0024410407,-0.99917126,191.0,103.0,33.0,0.0,111.0,42.0,5.0,106.272255,37.06806,1.3193717
289,3,29,0,random class 2,0.49,0.51,5.3435793,2.484303,1.8372456,0.007649819,-0.7423248,0.66999656,-0.8435364,-0.36461142,-0.39434114,0.5370176,-0.5621498,-0.62896717,937.0,120.0,27.0,0.0,130.0,46.0,16.0,124.75774,36.49306,5.6840982
290,3,30,0,random class 2,0.38,0.62,5.8474197,2.4687579,0.96172035,0.02054732,-0.08656981,-0.99603385,-0.47959283,-0.87499374,0.066156074,0.87725055,-0.47633138,0.059497032,581.0,146.0,30.0,0.0,150.0,47.0,21.0,147.88297,37.17728,8.106712
291,3,31,0,random class 2,0.45,0.55,3.4483156,1.6791414,1.5805773,0.04030547,0.9985622,0.035340734,-0.051849876,-0.033231597,0.99810183,0.9978412,-0.042061377,0.050435912,416.0,67.0,39.0,0.0,74.0,47.0,15.0,70.01683,42.514423,7.4951925
292,3,32,0,random class 2,0.18,0.82,5.0615983,3.1319194,1.7906555,0.15391412,-0.013007361,-0.9879986,0.93243366,-0.32892364,0.14958842,0.32692185,0.9442669,0.038497493,1204.0,91.0,37.0,0.0,101.0,58.0,16.0,95.34801,46.895348,7.572259
293,3,33,0,random class 1,0.58,0.42,3.2094836,1.8706188,1.7580878,0.07126535,0.4475607,-0.8914094,0.19776666,-0.8822797,-0.42716604,0.9776552,0.14584891,0.15138857,488.0,24.0,21.0,1.0,32.0,29.0,16.0,27.680328,24.364754,8.327868
294,3,34,0,random class 2,0.12,0.88,5.232972,3.5499678,1.3225737,0.2926209,0.044697005,0.9551833,-0.300613,-0.94396174,0.13626485,0.9077471,-0.32701448,-0.26278645,959.0,58.0,30.0,4.0,67.0,48.0,25.0,61.80709,38.774765,13.918665
295,3,35,0,random class 2,0.28,0.72,4.318587,2.8499546,1.8344185,-0.018855667,-0.49444473,-0.86900455,-0.6651846,-0.6426874,0.38010836,0.7464408,-0.5852156,0.31677875,917.0,77.0,16.0,5.0,88.0,31.0,23.0,82.071976,23.090513,14.454743
296,3,36,0,random class 2,0.15,0.85,6.860642,4.484247,2.7301397,0.36281535,-0.12803844,-0.92302287,0.32411823,-0.9113306,0.25381866,0.8736775,0.39125785,0.2891451,1687.0,133.0,40.0,5.0,147.0,60.0,30.0,138.82869,51.037937,17.368702
297,3,37,0,random class 2,0.2,0.8,4.6591635,2.9062686,1.653768,0.32610664,0.07958732,-0.9419768,-0.69360167,-0.65690494,-0.29562238,0.642317,-0.7497611,0.15901917,901.0,116.0,38.0,6.0,126.0,54.0,25.0,120.7758,45.962265,15.285238
298,3,38,0,random class 2,0.35,0.65,6.4572263,2.3925579,1.7371266,0.13254663,-0.24348855,-0.9608042,-0.5402909,-0.83042955,0.13591358,0.8309736,-0.5010989,0.2416253,1010.0,29.0,22.0,7.0,39.0,39.0,30.0,34.08218,31.58812,18.09307
299,3,39,0,random class 1,0.53,0.47,3.0085802,1.2513903,0.9037711,-0.0868996,0.86268854,0.49821374,-0.04077865,-0.5027668,0.8634597,0.99538213,0.054717824,0.07886951,141.0,0.0,0.0,8.0,5.0,4.0,21.0,1.3617021,1.0921986,12.695036
300,3,40,0,random class 2,0.18,0.82,5.142805,2.6953807,1.6884756,-0.15837522,0.98670286,0.03653369,-0.6889698,-0.13693899,0.71173614,0.707275,0.08755076,0.70149624,802.0,92.0,12.0,8.0,106.0,27.0,28.0,98.69576,18.941397,15.946384
301,3,41,0,random class 2,0.16,0.84,5.5794196,3.3643274,1.4830909,0.17102131,0.14716366,-0.97421485,-0.77922356,-0.58490986,-0.22514676,0.6029613,-0.7976361,-0.014641346,1092.0,41.0,30.0,8.0,51.0,51.0,28.0,45.158424,39.585163,17.57326
302,3,42,0,random class 2,0.12,0.88,6.4175224,3.4315012,1.7350247,0.08685543,0.023177922,-0.99595124,0.7611879,-0.64649636,0.051336706,0.642689,0.7625649,0.07379447,1307.0,13.0,29.0,10.0,22.0,54.0,30.0,17.576893,39.622036,19.556236
303,3,43,0,random class 2,0.15,0.85,4.50877,4.309753,1.1494914,0.09781792,0.0695106,-0.99277383,0.31067568,0.94557244,0.09681656,-0.9454693,0.31790107,-0.070898674,881.0,101.0,32.0,10.0,108.0,51.0,30.0,103.87287,42.160046,18.885357
304,3,44,0,random class 1,0.57,0.43,3.0168967,2.9047532,1.0880293,-0.44762284,-0.40474766,0.7973789,-0.65351164,-0.46058556,-0.6006526,0.6103739,-0.7899622,-0.058338683,403.0,80.0,0.0,11.0,90.0,9.0,25.0,84.719604,3.8883374,17.66253
305,3,45,0,random class 2,0.22,0.78,4.195786,2.8866239,2.0067923,0.16290627,0.98115283,-0.103926204,-0.44012055,0.16653748,0.88236,0.8830376,-0.09800192,0.4589555,948.0,3.0,19.0,12.0,16.0,31.0,30.0,8.14346,23.404009,21.785866
306,3,46,0,random class 2,0.37,0.63,4.4708233,3.3632057,1.929546,0.6702706,0.5387447,-0.51038367,-0.3511161,-0.37567696,-0.85766214,0.6538003,-0.7540696,0.06264332,1045.0,1.0,3.0,13.0,18.0,17.0,30.0,8.14067,9.496651,21.563637
307,3,47,0,random class 2,0.19,0.81,4.296934,4.0036507,1.0054514,-0.020301394,-0.17478856,-0.9843967,0.99719995,0.06733956,-0.03252219,0.071973346,-0.9823005,0.17293206,499.0,88.0,33.0,13.0,94.0,52.0,30.0,90.99799,44.48497,22.977957
308,3,48,0,random class 1,0.52,0.48,2.4645326,2.0562234,1.686128,0.24111973,0.853119,-0.4626546,-0.56387985,0.5111486,0.6486653,0.7898739,0.10447559,0.6043046,386.0,65.0,54.0,13.0,74.0,63.0,24.0,68.61917,58.03109,18.409327
309,3,49,0,random class 2,0.17,0.83,4.500055,3.5032496,1.6481345,-0.06106583,0.17845821,-0.9820507,-0.99580824,0.056229938,0.072139405,0.06809452,0.9823395,0.17427644,1032.0,24.0,39.0,14.0,34.0,59.0,30.0,28.583334,49.263565,20.875969
310,3,50,0,random class 2,0.35,0.65,4.339629,2.5584245,1.524305,0.50275433,0.19391342,-0.84239876,-0.22813088,0.9697292,0.087072425,0.83378315,0.14840113,0.5317732,708.0,61.0,12.0,15.0,73.0,25.0,30.0,67.01695,18.62288,22.782486
311,3,51,0,random class 1,0.56,0.44,4.484948,1.5235695,1.2796534,-0.11750919,-0.18614697,-0.9754696,-0.5499629,-0.80569285,0.21999967,0.8268811,-0.56232405,0.007697618,386.0,102.0,53.0,15.0,109.0,65.0,30.0,104.3886,58.569946,22.049223
312,3,52,0,random class 2,0.44,0.56,4.4705234,1.5062599,1.2718905,0.23168711,-0.35080254,0.907336,-0.40636986,-0.8823369,-0.23737115,0.88384646,-0.31371817,-0.3469817,348.0,127.0,56.0,15.0,135.0,67.0,30.0,130.22127,60.632183,22.93678
313,3,53,0,random class 2,0.49,0.51,4.071423,1.4874378,0.96766394,-0.011963672,0.9941616,-0.107235886,-0.40170208,0.09343067,0.91099185,0.91569227,0.053975686,0.39823902,236.0,139.0,61.0,15.0,147.0,70.0,30.0,142.3178,65.830505,22.470339
314,3,54,0,random class 2,0.17,0.83,4.165996,3.2229908,1.0964842,-0.17522758,0.08288914,0.98103243,0.9811989,-0.067171946,0.18093278,-0.08089522,-0.9942924,0.06956036,571.0,129.0,27.0,16.0,136.0,45.0,30.0,131.70929,35.59019,24.569178
315,3,55,0,random class 2,0.31,0.69,4.523351,2.7465928,1.2339903,-0.1574302,-0.04897726,-0.98631483,-0.8424781,-0.51441765,0.1600161,0.5152149,-0.85614,-0.039722603,528.0,35.0,40.0,17.0,42.0,58.0,30.0,38.134468,50.8125,24.897728
316,3,56,0,random class 2,0.45,0.55,3.7452059,2.165205,0.9157598,0.040349867,0.98324835,0.17774874,-0.47014046,-0.13828833,0.87169045,0.8816688,-0.11873947,0.45668492,272.0,85.0,55.0,17.0,94.0,64.0,30.0,89.16912,58.878677,23.94853
317,3,57,0,random class 2,0.22,0.78,4.5181556,2.973253,1.6852787,-0.15390165,0.062178977,-0.9861278,-0.98777676,0.015291404,0.15512317,-0.024724679,-0.9979479,-0.059065577,849.0,0.0,29.0,18.0,9.0,49.0,30.0,4.294464,39.06007,23.889282
318,3,58,0,random class 1,0.59,0.41,3.3117478,2.4183342,1.7942722,-0.41190135,0.13570537,-0.9010668,0.751299,-0.50898916,-0.420095,0.51564234,0.8500083,-0.107698,449.0,90.0,63.0,18.0,102.0,75.0,30.0,95.12027,68.817375,23.939867
319,3,59,0,random class 2,0.47,0.53,2.6332924,2.346304,1.7157412,-0.107284725,0.9434822,0.31357816,0.16938354,-0.2934428,0.940851,0.9796934,0.15405391,-0.12832844,451.0,28.0,3.0,19.0,38.0,11.0,30.0,32.350334,6.503326,25.381374
320,3,60,0,random class 2,0.19,0.81,4.606006,2.589085,1.4896051,0.22348867,-0.08802703,-0.97072345,-0.9733069,-0.073506795,-0.21741772,0.05221614,-0.99340224,0.102105245,674.0,50.0,38.0,19.0,59.0,56.0,30.0,53.505936,47.127598,25.569733
321,3,61,0,random class 1,0.89,0.11,3.2961159,1.8123752,1.3301865,-0.08316593,-0.8533942,0.5145889,-0.6424511,-0.34882987,-0.6823301,0.7618005,-0.38734478,-0.5192533,299.0,115.0,59.0,19.0,123.0,70.0,30.0,118.652176,64.96321,25.571907
322,3,62,0,random class 2,0.4,0.6,3.9952545,2.3270092,1.3761276,-0.17432208,0.11483383,-0.9779698,0.97218525,-0.13769856,-0.18945964,0.15642141,0.98379487,0.08763586,508.0,79.0,35.0,20.0,87.0,51.0,30.0,82.33268,41.612206,25.63189
323,3,63,0,random class 1,0.52,0.48,2.9269564,1.7481346,1.4777006,0.04143345,0.9916015,-0.122513995,-0.5724054,0.12406009,0.81053144,0.8189233,0.036544558,0.5727383,330.0,128.0,65.0,20.0,135.0,75.0,30.0,131.09091,69.951515,25.30303
324,3,64,0,random class 1,0.52,0.48,4.258973,1.8324478,1.1575273,-0.9453401,-0.18478532,-0.2686754,-0.23347397,-0.1916455,0.95329005,0.22764444,-0.963912,-0.13802762,357.0,46.0,6.0,21.0,62.0,13.0,30.0,54.588234,9.37535,26.310925
325,3,65,0,random class 2,0.46,0.54,3.7432182,2.3619993,2.0883875,0.8242535,0.5573497,0.09983716,0.54612267,-0.8291014,0.11975366,0.14951979,-0.04418404,-0.98777103,508.0,40.0,59.0,21.0,55.0,73.0,30.0,46.464565,64.30118,26.385826
326,3,66,0,random class 1,0.77,0.23,3.0725224,2.2751749,0.9392135,-0.83718413,-0.53529036,0.112191305,-0.3300166,0.33084163,-0.8841,0.4361327,-0.77717954,-0.4536301,262.0,109.0,71.0,21.0,121.0,78.0,30.0,115.137405,74.07633,25.851145
327,3,67,0,random class 1,0.75,0.25,2.1281471,1.7612579,1.6561025,0.46131778,0.6388314,-0.61569506,-0.365491,-0.49550053,-0.78796923,0.80845666,-0.58853525,-0.0049039098,274.0,6.0,56.0,22.0,14.0,63.0,30.0,9.40146,59.233578,26.18613
328,3,68,0,random class 1,0.74,0.26,2.339689,2.1288495,1.3280599,-0.7864298,0.6174491,0.016872793,0.51365584,0.66891396,-0.53731906,-0.34305364,-0.41389692,-0.8432103,273.0,109.0,45.0,23.0,119.0,55.0,30.0,113.190475,49.981686,27.054945
329,3,69,0,random class 1,0.77,0.23,2.9042907,1.766549,1.2617112,0.9241854,-0.08330639,0.37274837,0.3629633,0.495384,-0.78920996,0.11890735,-0.8646703,-0.48806384,262.0,20.0,59.0,23.0,32.0,67.0,30.0,25.698473,62.694656,26.935114
330,3,70,0,random class 1,0.52,0.48,5.485902,1.9204955,1.4470879,-0.8043491,0.5259194,-0.27646205,0.5941387,0.7083039,-0.38118857,-0.004655301,-0.4708655,-0.88219273,454.0,60.0,60.0,23.0,77.0,74.0,30.0,68.312775,66.89868,27.07489
331,3,71,0,random class 1,0.53,0.47,4.352834,1.9406226,1.4303609,0.13278514,-0.91809434,-0.373458,-0.98842174,-0.09474899,-0.11851188,0.073420316,0.38487065,-0.9200457,346.0,77.0,59.0,23.0,86.0,75.0,30.0,81.96821,68.2052,27.156069
332,3,72,0,random class 2,0.49,0.51,3.1143384,1.4441954,0.8693302,0.029274574,0.3395315,0.940139,0.99835825,-0.056256857,-0.010770253,-0.049232427,-0.9389108,0.340621,158.0,146.0,30.0,24.0,150.0,43.0,30.0,148.03165,35.94304,27.405064
333,3,73,0,random class 1,0.6,0.4,2.2258873,1.5487386,1.3885187,-0.05020259,-0.9356493,0.34934244,-0.96524435,-0.044372413,-0.2575547,0.25648203,-0.35013074,-0.90090257,200.0,138.0,71.0,24.0,145.0,80.0,30.0,140.68,75.535,26.985
334,3,74,0,random class 1,0.53,0.47,1.6252857,1.0196463,0.66681015,0.04784787,-0.24151862,-0.9692158,-0.98704135,-0.16022456,-0.008801561,0.15316644,-0.95707726,0.24605528,48.0,0.0,57.0,26.0,3.0,64.0,30.0,0.625,60.0625,27.854166
335,3,75,0,random class 2,0.42,0.58,1.4907719,1.2754494,0.927118,-0.98906934,0.12673849,0.07536045,-0.110970646,-0.97634834,0.18555157,0.09709457,0.17516057,0.9797405,77.0,32.0,68.0,26.0,38.0,74.0,30.0,34.766235,70.233765,28.012987
336,3,76,0,random class 2,0.4,0.6,2.3622851,2.1135774,0.6354562,-0.8374996,-0.5464227,0.0040723253,0.543114,-0.8315614,0.11633044,-0.060179207,0.09963843,0.9932022,110.0,59.0,76.0,26.0,69.0,85.0,30.0,63.545456,80.48182,28.427273
337,3,77,0,random class 2,0.49,0.51,1.4455351,1.0758662,0.7928699,0.12895563,0.99029756,0.05178,0.9906319,-0.13101338,0.038522225,-0.04493234,-0.046327263,0.99791527,55.0,123.0,48.0,27.0,128.0,54.0,30.0,125.34545,50.763638,28.2
338,3,78,0,random class 2,0.43,0.57,1.8031343,1.0369487,0.670516,-0.85929906,-0.5095494,0.044323254,0.51134497,-0.85779405,0.052112613,0.011466274,0.067444794,0.9976571,56.0,18.0,68.0,27.0,25.0,74.0,30.0,21.125,70.23214,28.392857
339,3,79,0,random class 2,0.43,0.57,1.1052377,0.68417627,0.44392702,-0.9772501,0.21070775,0.02417498,-0.20998126,-0.94519395,-0.25003257,-0.029833758,-0.24942067,0.96793556,16.0,7.0,0.0,28.0,12.0,3.0,30.0,9.25,0.625,28.6875
340,3,80,0,random class 1,0.6,0.4,1.9510846,0.9380402,0.47529066,0.2222761,0.97394586,0.044976156,0.97424054,-0.22367103,0.028750483,0.038061276,0.03742705,-0.99857426,41.0,25.0,23.0,28.0,29.0,32.0,30.0,26.414635,26.414635,28.634146
341,3,81,0,random class 1,0.6,0.4,2.3410685,1.6454941,0.45097744,-0.878116,-0.4771165,-0.035666823,-0.47842702,0.87494045,0.074744724,-0.004455595,0.08269851,-0.9965646,70.0,96.0,78.0,28.0,105.0,86.0,30.0,99.41428,81.58572,28.671429
